clip_id,group,category,prompt,gen_index,model,lufs_in,peak_in,proxy_arousal_deploy,proxy_valence_deploy,aux_arousal,tempo_bpm,onset_density,rms_mean,spectral_flux_mean,roughness,guidance_scale,seed,proxy_arousal_foldmean
anxiolytic.sleep.p0.g0,anxiolytic,sleep,calm peaceful music for deep sleep,0,musicgen-small,-31.89134172698128,0.180328369140625,2.6760202000765254,2.9842382835590486,2.9537057639344195,135.99917763157896,3.707414829659319,0.0208709929138422,0.0697247609496116,0.08614927397227,3.0,0,2.7187588378337813
anxiolytic.sleep.p0.g2,anxiolytic,sleep,calm peaceful music for deep sleep,2,musicgen-small,-21.610398449209963,0.4925537109375,2.362425525561977,3.700418644623182,3.135210531190498,123.046875,6.381445767067494,0.0649179518222808,0.0557720325887203,0.0728362148856052,3.0,0,2.6320325046358346
anxiolytic.sleep.p1.g0,anxiolytic,sleep,soft soothing lullaby to help me fall asleep,0,musicgen-small,-22.96923238530301,0.446044921875,2.5877915553972195,3.4726417136260994,3.0928780558237987,89.10290948275862,3.1396125584502337,0.0730712786316871,0.0479968748986721,0.1312247979433225,3.0,0,2.9676602617383816
anxiolytic.sleep.p1.g2,anxiolytic,sleep,soft soothing lullaby to help me fall asleep,2,musicgen-small,-31.355866908020545,0.268341064453125,3.1848702773919726,2.624099637259314,2.6869656945447096,112.34714673913044,3.0728122912491647,0.0258794650435447,0.0407024808228015,0.1420602462621435,3.0,0,2.92262488457001
anxiolytic.sleep.p2.g0,anxiolytic,sleep,"gentle ambient sleep music, very slow and quiet",0,musicgen-small,-26.26306872523228,0.273712158203125,3.290383911694947,3.158178263612092,2.874702200009668,123.046875,6.980627922511689,0.0507616251707077,0.0513460263609886,0.069434227047687,3.0,0,3.4809224452017786
anxiolytic.sleep.p2.g2,anxiolytic,sleep,"gentle ambient sleep music, very slow and quiet",2,musicgen-small,-21.269095370253723,0.42803955078125,3.067135475751184,3.459304833572381,3.467041091348722,129.19921875,6.312625250501002,0.0910509675741195,0.0496428981423378,0.0665837764412418,3.0,0,3.1369453836096888
anxiolytic.sleep.p3.g0,anxiolytic,sleep,relaxing bedtime music with warm soft tones,0,musicgen-small,-35.750174500103604,0.112945556640625,3.396188086243884,3.288393142213582,3.640168725020394,135.99917763157896,5.076820307281229,0.0168008059263229,0.0696156769990921,0.180689445034887,3.0,0,3.5701874568062157
anxiolytic.sleep.p3.g2,anxiolytic,sleep,relaxing bedtime music with warm soft tones,2,musicgen-small,-25.424723824598438,0.406890869140625,2.705906716285456,3.420255549698737,2.870101870731358,135.99917763157896,2.338255028381046,0.0376442484557628,0.0609132349491119,0.117167068041449,3.0,0,2.8163865376342256
anxiolytic.sleep.p4.g0,anxiolytic,sleep,quiet dreamy music for sleeping through the night,0,musicgen-small,-26.381828446643773,0.29437255859375,2.8887222506998134,2.920485315585817,2.8105347132389453,129.19921875,0.7014028056112224,0.0374589785933494,0.0469124317169189,0.0659856132944893,3.0,0,2.912066466332349
anxiolytic.sleep.p4.g2,anxiolytic,sleep,quiet dreamy music for sleeping through the night,2,musicgen-small,-33.60996820518201,0.10552978515625,3.383752120214081,3.120174783645409,3.2068144929343383,123.046875,6.312625250501002,0.0214752946048975,0.0481668747961521,0.0675523812943887,3.0,0,3.429499269542712
anxiolytic.sleep.p5.g0,anxiolytic,sleep,slow hushed music to drift off to sleep,0,musicgen-small,-33.10050232710876,0.1456298828125,3.4325820199089137,3.3572904472334195,3.547760963819648,123.046875,6.880427521710087,0.0175505019724369,0.0711166933178901,0.0943319492337115,3.0,0,3.221580406442679
anxiolytic.sleep.p5.g2,anxiolytic,sleep,slow hushed music to drift off to sleep,2,musicgen-small,-32.239349813091714,0.228363037109375,3.717707112611439,2.7215381250641664,3.8109936266766136,129.19921875,5.243820975283901,0.0365804769098758,0.0907860323786735,0.1143774430804825,3.0,0,3.4750461523739857
anxiolytic.sleep.p6.g0,anxiolytic,sleep,tender nighttime music for restful sleep,0,musicgen-small,-33.41883952970419,0.126434326171875,3.170471494406512,3.6414572535803273,3.7885352786427817,129.19921875,6.012024048096192,0.0221721641719341,0.0543496273458004,0.1224386496443239,3.0,0,3.2420502146955146
anxiolytic.sleep.p6.g2,anxiolytic,sleep,tender nighttime music for restful sleep,2,musicgen-small,-24.967297979808453,0.256622314453125,4.1253778972019015,3.5534877404520318,3.5902690796147683,99.38401442307692,3.507014028056112,0.0527684278786182,0.0465118065476417,0.0382012944471131,3.0,0,3.7441096977857433
anxiolytic.sleep.p7.g0,anxiolytic,sleep,soft slow instrumental for winding down at bedtime,0,musicgen-small,-28.942559291168447,0.161651611328125,2.95878067320155,3.530126043362163,3.0619909628538293,117.45383522727272,4.408817635270541,0.0379330851137638,0.0304254777729511,0.061008178810613,3.0,0,3.007191324069092
anxiolytic.sleep.p7.g2,anxiolytic,sleep,soft slow instrumental for winding down at bedtime,2,musicgen-small,-24.72448365185993,0.296844482421875,3.645765708158037,3.690558685675817,3.4611758762030846,117.45383522727272,3.473613894455578,0.061739508062601,0.0474215298891067,0.140147585035848,3.0,0,3.6011733893131384
anxiolytic.sleep.p8.g0,anxiolytic,sleep,tranquil sleep sounds with gentle melody,0,musicgen-small,-10.866070748230078,0.880523681640625,3.2244647128881976,2.9930075264869163,3.373950931772725,123.046875,6.379425517702071,0.2622202336788177,0.0652238801121711,0.0740023518087293,3.0,0,3.5424730748487407
anxiolytic.sleep.p8.g2,anxiolytic,sleep,tranquil sleep sounds with gentle melody,2,musicgen-small,-26.303216663168936,0.33355712890625,3.1359561782597,2.822452924902899,2.60162333328584,129.19921875,0.4008016032064128,0.0527129992842674,0.0673206150531768,0.1044497675193561,3.0,0,3.1642706769394353
anxiolytic.sleep.p9.g0,anxiolytic,sleep,delicate quiet music to help a baby sleep,0,musicgen-small,-19.10534934003456,0.460693359375,3.0559520602217125,3.1319287035753343,2.489937345228173,112.34714673913044,0.7682030728122912,0.0961705669760704,0.0403248704969882,0.0290220910346506,3.0,0,2.888804585036565
anxiolytic.sleep.p9.g2,anxiolytic,sleep,delicate quiet music to help a baby sleep,2,musicgen-small,-22.96895367852414,0.40826416015625,3.3475874270220056,3.6618146303207166,3.817725823215921,112.34714673913044,4.47561790247161,0.0696614235639572,0.0779818892478942,0.0671555155556605,3.0,0,3.323206983162874
anxiolytic.anxiety_relief.p0.g0,anxiolytic,anxiety_relief,calming music to relieve anxiety and stress,0,musicgen-small,-24.2011555193787,0.439544677734375,2.8653311006968494,3.931630007938073,3.932023188353877,123.046875,6.847027388109552,0.063848428428173,0.0793092399835586,0.0733528201739555,3.0,0,3.1838418264332615
anxiolytic.anxiety_relief.p0.g2,anxiolytic,anxiety_relief,calming music to relieve anxiety and stress,2,musicgen-small,-25.658141384882136,0.27105712890625,3.620764167332822,3.3720658852661547,4.124615913319228,123.046875,7.080828323313293,0.0558225698769092,0.0766297951340675,0.077157952082004,3.0,0,3.3306445582926876
anxiolytic.anxiety_relief.p1.g0,anxiolytic,anxiety_relief,soothing music for panic and anxious thoughts,0,musicgen-small,-14.113586760379004,1.0,4.02471317977022,3.763809020733571,4.569905563131294,143.5546875,6.670332977561556,0.1857894510030746,0.0954252779483795,0.0975460062604386,3.0,0,4.205192900805799
anxiolytic.anxiety_relief.p1.g2,anxiolytic,anxiety_relief,soothing music for panic and anxious thoughts,2,musicgen-small,-24.504455175418357,0.268341064453125,3.014185539450192,3.314246473540726,3.6544448006595447,129.19921875,5.978623914495658,0.0731473639607429,0.0697585642337799,0.0704663827624894,3.0,0,3.168012044536544
anxiolytic.anxiety_relief.p2.g0,anxiolytic,anxiety_relief,peaceful music to calm my nerves,0,musicgen-small,-20.34501773638124,1.0,4.197055319974295,2.840332162778963,3.80425968053388,135.99917763157896,4.943219772879091,0.1696616411209106,0.0840705633163452,0.1117567285028746,3.0,0,4.0026109000427095
anxiolytic.anxiety_relief.p2.g2,anxiolytic,anxiety_relief,peaceful music to calm my nerves,2,musicgen-small,-16.905716496305104,0.61669921875,3.242961995419247,3.5878378180197728,3.603980501043014,123.046875,6.446225784903139,0.1458117514848709,0.0404706932604312,0.0924019178619026,3.0,0,3.333590153398871
anxiolytic.anxiety_relief.p3.g0,anxiolytic,anxiety_relief,gentle reassuring music for stress relief,0,musicgen-small,-24.310676277284383,0.324462890625,3.111170125010112,3.2588796677691367,3.955836807033808,129.19921875,7.080828323313293,0.065599039196968,0.056052066385746,0.1234754880278018,3.0,0,2.9097277278304103
anxiolytic.anxiety_relief.p3.g2,anxiolytic,anxiety_relief,gentle reassuring music for stress relief,2,musicgen-small,-20.629885479867337,0.4014892578125,2.9039252824567896,3.826971457539124,3.5709143464417297,123.046875,6.546426185704743,0.096277467906475,0.0475626811385154,0.0303779556604291,3.0,0,3.1685931881030864
anxiolytic.anxiety_relief.p4.g0,anxiolytic,anxiety_relief,tranquil music to ease tension and worry,0,musicgen-small,-20.42567850897425,0.55389404296875,3.2032519599960176,3.561828050138701,3.7374336278956974,129.19921875,6.947227788911156,0.1096130833029747,0.0744419917464256,0.0174699828245038,3.0,0,3.142399875201816
anxiolytic.anxiety_relief.p4.g2,anxiolytic,anxiety_relief,tranquil music to ease tension and worry,2,musicgen-small,-18.85980282145851,0.655059814453125,3.2779175973274293,3.3693987235016283,4.395818593227417,117.45383522727272,7.548430193720774,0.1364212334156036,0.0963713377714157,0.151264696531264,3.0,0,3.578518241853621
anxiolytic.anxiety_relief.p5.g0,anxiolytic,anxiety_relief,comforting slow music for when I feel overwhelmed,0,musicgen-small,-29.071581704474287,0.2174072265625,3.3621463844373145,2.5839043867179483,3.659242364626592,151.99908088235293,1.4362057448229792,0.0338135249912738,0.0388157255947589,0.2130145313007176,3.0,0,3.3364471873464026
anxiolytic.anxiety_relief.p5.g2,anxiolytic,anxiety_relief,comforting slow music for when I feel overwhelmed,2,musicgen-small,-23.47736164614781,0.723846435546875,2.9374332188987324,3.90820537847587,3.5204369929618062,123.046875,2.839011356045424,0.0587233863770961,0.0636186823248863,0.1179232975303397,3.0,0,2.7326386928601565
anxiolytic.anxiety_relief.p6.g0,anxiolytic,anxiety_relief,soft grounding music to slow my racing heart,0,musicgen-small,-26.880617682218844,0.32830810546875,3.3810317151004368,3.2357599379082087,3.5196876027950683,117.45383522727272,1.4362057448229792,0.0483817569911479,0.0724271237850189,0.1003469390705803,3.0,0,3.435514705962274
anxiolytic.anxiety_relief.p6.g2,anxiolytic,anxiety_relief,soft grounding music to slow my racing heart,2,musicgen-small,-20.09286798757556,1.0,3.6045048125131514,3.486460205553756,3.733126311450981,117.45383522727272,2.7722110888443554,0.1744331270456314,0.0696357488632202,0.1773406307341291,3.0,0,3.6764965367532625
anxiolytic.anxiety_relief.p7.g0,anxiolytic,anxiety_relief,warm gentle music to feel safe and relaxed,0,musicgen-small,-17.41722534126265,0.85943603515625,3.3361007384989785,3.350981770513052,3.5297720313154395,184.5703125,1.9038076152304608,0.1458993107080459,0.0631138309836387,0.1269450124882525,3.0,0,3.4080547152823875
anxiolytic.anxiety_relief.p7.g2,anxiolytic,anxiety_relief,warm gentle music to feel safe and relaxed,2,musicgen-small,-28.21788884024478,0.2109375,3.6968970644879375,3.660133043089649,3.1498233077442785,117.45383522727272,1.5364061456245823,0.0423398874700069,0.0635754466056823,0.161569461012623,3.0,0,3.4980630914383206
anxiolytic.anxiety_relief.p8.g0,anxiolytic,anxiety_relief,quiet consoling music for a stressful day,0,musicgen-small,-24.504482438771134,0.401031494140625,3.4484195567249567,2.88026742491356,3.148990688096021,117.45383522727272,1.0354041416165665,0.0622097812592983,0.038919162005186,0.2011316702076294,3.0,0,3.225491599673616
anxiolytic.anxiety_relief.p8.g2,anxiolytic,anxiety_relief,quiet consoling music for a stressful day,2,musicgen-small,-29.9610764442952,0.287689208984375,3.0250558518571906,3.1472701237102765,3.244508252293422,117.45383522727272,4.3086172344689375,0.0212006270885467,0.063351571559906,0.1210346167720741,3.0,0,2.801889487863567
anxiolytic.anxiety_relief.p9.g0,anxiolytic,anxiety_relief,serene music that helps anxiety melt away,0,musicgen-small,-12.018317906963553,0.9686279296875,4.51051777039935,3.938319167426853,3.254044632479504,86.1328125,2.0374081496325984,0.2548995614051819,0.0343845263123512,0.1112803117808786,3.0,0,4.489319919208557
anxiolytic.anxiety_relief.p9.g2,anxiolytic,anxiety_relief,serene music that helps anxiety melt away,2,musicgen-small,-18.04638511646768,0.58563232421875,3.1355737839593565,3.4826760828230605,3.120477667352559,123.046875,3.9412157648630592,0.0968029275536537,0.049708642065525,0.089522125466471,3.0,0,2.8394157664955566
anxiolytic.meditation.p0.g0,anxiolytic,meditation,slow meditation music with soft sustained tones,0,musicgen-small,-16.862413033394358,0.76934814453125,3.0855038586352594,3.546482016238389,3.7117960374420207,129.19921875,6.713426853707414,0.1383970081806183,0.0705544576048851,0.0576370362663075,3.0,0,3.470646712693596
anxiolytic.meditation.p0.g2,anxiolytic,meditation,slow meditation music with soft sustained tones,2,musicgen-small,-17.067249270038925,0.64178466796875,3.3975006049143515,3.0341895773750664,2.936462221685787,123.046875,4.709418837675351,0.1402029991149902,0.0635073035955429,0.0304054654356795,3.0,0,3.4857956212619934
anxiolytic.meditation.p1.g0,anxiolytic,meditation,peaceful ambient music for mindfulness meditation,0,musicgen-small,-9.601799350719292,1.0,3.5102491681349512,3.4783836749440136,2.6975865804273296,117.45383522727272,3.34001336005344,0.3130747675895691,0.0429864823818206,0.022819429634602,3.0,0,3.3361907990011117
anxiolytic.meditation.p1.g2,anxiolytic,meditation,peaceful ambient music for mindfulness meditation,2,musicgen-small,-13.904331258125604,1.0,3.2548342818003486,3.2460057194708405,3.468096341328275,123.046875,6.446225784903139,0.1966656297445297,0.0698048174381256,0.0750785629927618,3.0,0,3.3683507877618672
anxiolytic.meditation.p2.g0,anxiolytic,meditation,"serene meditative soundscape, gentle and warm",0,musicgen-small,-24.739405391016,0.626373291015625,3.25071434444175,2.709015721776569,4.1990542391477765,135.99917763157896,7.8156312625250495,0.0871077179908752,0.085989624261856,0.1024632701333758,3.0,0,3.3573586352752267
anxiolytic.meditation.p2.g2,anxiolytic,meditation,"serene meditative soundscape, gentle and warm",2,musicgen-small,-18.65833659873268,0.48382568359375,3.1409598779274144,3.5814116814181087,3.338861613152816,112.34714673913044,4.776219104876419,0.1232564747333526,0.0426046699285507,0.0805757562651373,3.0,0,3.278795632876843
anxiolytic.meditation.p3.g0,anxiolytic,meditation,"calm breathing meditation music, very slow tempo",0,musicgen-small,-16.54237723122629,0.743988037109375,3.352757003333341,3.1991685459938783,2.469618104570103,123.046875,0.668002672010688,0.1496403962373733,0.0697266906499862,0.0226902164965328,3.0,0,3.3873544742043835
anxiolytic.meditation.p3.g2,anxiolytic,meditation,"calm breathing meditation music, very slow tempo",2,musicgen-small,-28.32848185891663,0.231231689453125,3.4094551329084872,3.725114540833655,3.8546284501922616,117.45383522727272,7.214428857715431,0.0390559807419776,0.077892817556858,0.0997216392184002,3.0,0,3.3865502995288876
anxiolytic.meditation.p4.g0,anxiolytic,meditation,still and spacious ambient music for deep relaxation,0,musicgen-small,-20.28569633008831,0.638519287109375,2.905134906502192,3.4184855996944363,3.572659754787052,117.45383522727272,5.344021376085504,0.1131687387824058,0.0624983124434948,0.0942459800448502,3.0,0,3.2852863075020755
anxiolytic.meditation.p4.g2,anxiolytic,meditation,still and spacious ambient music for deep relaxation,2,musicgen-small,-24.282361557277586,0.3289794921875,3.676748325800936,3.62135726900591,3.091616461576245,123.046875,4.275217100868403,0.0611822679638862,0.0512865893542766,0.0628595693642304,3.0,0,3.4243650210145815
anxiolytic.meditation.p5.g0,anxiolytic,meditation,floating ambient drone for quiet meditation,0,musicgen-small,-22.138737389164287,0.58404541015625,3.4912078328223606,2.6181848547706967,2.840690751249796,123.046875,4.542418169672678,0.1046826392412185,0.0556997992098331,0.077659798862213,3.0,0,3.3222044995006046
anxiolytic.meditation.p5.g2,anxiolytic,meditation,floating ambient drone for quiet meditation,2,musicgen-small,-15.461409518827104,0.867889404296875,3.50114885586418,3.3773294269829592,3.884949112838515,112.34714673913044,6.446225784903139,0.1738307923078537,0.0755307301878929,0.0560627638687583,3.0,0,3.6562523237839293
anxiolytic.meditation.p6.g0,anxiolytic,meditation,gentle zen music for a calm clear mind,0,musicgen-small,-22.52416374938601,0.59063720703125,3.182093728698041,3.804167685900908,3.7633613088718567,135.99917763157896,6.579826319305277,0.0710790827870369,0.0634880438446998,0.0824737724797011,3.0,0,3.258747970995041
anxiolytic.meditation.p6.g2,anxiolytic,meditation,gentle zen music for a calm clear mind,2,musicgen-small,-20.73676593995612,0.525634765625,2.991616219706563,3.5128344716297426,3.650878423326336,123.046875,5.410821643286573,0.0974863991141319,0.0713107585906982,0.1083443795683807,3.0,0,3.1707832768303925
anxiolytic.meditation.p7.g0,anxiolytic,meditation,soft spa music for deep rest and healing,0,musicgen-small,-26.06344621207026,0.259857177734375,3.434368337091614,3.64986799859482,3.942326537603539,117.45383522727272,6.880427521710087,0.0519588738679885,0.0617761015892028,0.10114684407682,3.0,0,3.600377636403544
anxiolytic.meditation.p7.g2,anxiolytic,meditation,soft spa music for deep rest and healing,2,musicgen-small,-24.26174581226767,0.293609619140625,3.056864786656065,3.373703896749948,3.0782430863497154,107.666015625,2.50501002004008,0.0647497847676277,0.0711126253008842,0.033440516261434,3.0,0,3.1950864306018647
anxiolytic.meditation.p8.g0,anxiolytic,meditation,slow flowing ambient music for yoga relaxation,0,musicgen-small,-13.529084162088932,1.0,2.300713954490789,2.7454255608445437,2.280660427596653,117.45383522727272,3.2732130928523717,0.1873229444026947,0.0382776111364364,0.0374649463040368,3.0,0,2.4340339364826873
anxiolytic.meditation.p8.g2,anxiolytic,meditation,slow flowing ambient music for yoga relaxation,2,musicgen-small,-26.22253768805073,0.2835693359375,3.403586353218217,2.832221987144847,3.3812491496795767,117.45383522727272,3.473613894455578,0.0522331409156322,0.0564357377588748,0.1608128640965291,3.0,0,3.1825679558625226
anxiolytic.meditation.p9.g0,anxiolytic,meditation,minimal peaceful tones for silent contemplation,0,musicgen-small,-36.19337390552282,0.16925048828125,3.005661823380197,3.2133333905289776,2.8718487177300185,123.046875,3.0394121576486306,0.0166934877634048,0.0776794180274009,0.1497682262465157,3.0,0,3.06964407096958
anxiolytic.meditation.p9.g2,anxiolytic,meditation,minimal peaceful tones for silent contemplation,2,musicgen-small,-38.02911733896197,0.16656494140625,3.408675401104805,3.290628974039867,3.519894505622369,117.45383522727272,4.3086172344689375,0.0149027211591601,0.0649934709072113,0.1422876415018726,3.0,0,3.822505503463199
anxiolytic.study_calm.p0.g0,anxiolytic,study_calm,soft calm background music for focused studying,0,musicgen-small,-23.016160893495133,0.5267333984375,2.4735682840551907,3.536571921738524,2.9657273033922618,123.046875,2.070808283233133,0.0638636350631713,0.062150303274393,0.0800262541904859,3.0,0,2.7131339832461205
anxiolytic.study_calm.p0.g2,anxiolytic,study_calm,soft calm background music for focused studying,2,musicgen-small,-21.75634919768959,0.508819580078125,3.197959200180301,3.731746354908955,3.603618606871755,117.45383522727272,3.874415497661991,0.0831508263945579,0.0806496739387512,0.0714789308164963,3.0,0,3.410343922302515
anxiolytic.study_calm.p1.g0,anxiolytic,study_calm,gentle low-key instrumental music for concentration,0,musicgen-small,-17.21203722059903,0.746673583984375,2.6973242877926564,3.301358841974181,2.1364958594253003,123.046875,1.6032064128256511,0.1105341017246246,0.050867311656475,0.1215895180329119,3.0,0,2.75245801523434
anxiolytic.study_calm.p1.g2,anxiolytic,study_calm,gentle low-key instrumental music for concentration,2,musicgen-small,-36.27429085024892,0.198760986328125,3.1175138767890758,3.439474377864442,3.5096410853542177,117.45383522727272,3.774215096860387,0.0150205008685588,0.0608954466879367,0.1911323787522979,3.0,0,3.283191937635857
anxiolytic.study_calm.p2.g0,anxiolytic,study_calm,quiet mellow music to stay relaxed while working,0,musicgen-small,-23.25515666499829,0.385772705078125,3.377443556390677,3.317077162618116,3.1251507964050296,83.35433467741936,1.2024048096192383,0.0723119676113128,0.0413744337856769,0.0700325017074543,3.0,0,3.3520453006023887
anxiolytic.study_calm.p2.g2,anxiolytic,study_calm,quiet mellow music to stay relaxed while working,2,musicgen-small,-28.415809836906018,0.281219482421875,2.939183064089504,3.4580400970567733,3.58167589091764,129.19921875,3.473613894455578,0.0306092966347932,0.062271200120449,0.1665918458739677,3.0,0,2.9579059534225043
anxiolytic.study_calm.p3.g0,anxiolytic,study_calm,smooth peaceful background music without distractions,0,musicgen-small,-22.12037646408095,1.0,2.8019467917817527,3.2927402951054505,3.1678690678533314,143.5546875,2.371409485637942,0.0978806689381599,0.0625057891011238,0.1455302003516636,3.0,0,2.5881097194842244
anxiolytic.study_calm.p3.g2,anxiolytic,study_calm,smooth peaceful background music without distractions,2,musicgen-small,-16.133304284741364,0.66522216796875,3.372735984880445,3.3427073980335766,4.054959005728956,123.046875,6.279225116900467,0.1616631299257278,0.1106465309858322,0.0660084292153239,3.0,0,3.803652167862056
anxiolytic.study_calm.p4.g0,anxiolytic,study_calm,light airy calm instrumental for reading,0,musicgen-small,-32.97794832333707,0.185882568359375,4.0413943705436255,2.912238030122296,3.1273153390585664,103.359375,1.0851377952755905,0.020122630521655,0.0642808750271797,0.1372316167816616,3.0,0,3.8943269569229266
anxiolytic.study_calm.p4.g2,anxiolytic,study_calm,light airy calm instrumental for reading,2,musicgen-small,-30.8539480691337,0.196533203125,3.1197073334904357,2.565766511648873,2.9940560348364045,129.19921875,2.8724114896459585,0.0226960554718971,0.0409051552414894,0.0542269988943814,3.0,0,2.9034346212888424
anxiolytic.study_calm.p5.g0,anxiolytic,study_calm,unobtrusive soft music for deep focus,0,musicgen-small,-24.0091685559134,0.371246337890625,3.126921132147559,3.324574309871302,3.624842951474944,123.046875,5.678022712090848,0.0608966909348964,0.04251728951931,0.1395814530960205,3.0,0,3.4163143851512934
anxiolytic.study_calm.p5.g2,anxiolytic,study_calm,unobtrusive soft music for deep focus,2,musicgen-small,-24.764325050268948,0.5262451171875,3.2458558375380946,3.142512964762393,3.8843722494284743,123.046875,7.281229124916499,0.0605346336960792,0.0619187578558921,0.10861753843189,3.0,0,3.410062801011459
anxiolytic.study_calm.p6.g0,anxiolytic,study_calm,calm minimal piano for quiet study sessions,0,musicgen-small,-26.960619754773127,0.311187744140625,2.4039601972928333,2.6664420889693834,2.689296673291741,129.19921875,0.9018036072144288,0.0444388054311275,0.040245596319437,0.0865206711730562,3.0,0,2.6455726248851685
anxiolytic.study_calm.p6.g2,anxiolytic,study_calm,calm minimal piano for quiet study sessions,2,musicgen-small,-18.99790593991672,0.650604248046875,2.467824384107456,2.6691656126822165,2.7149460976641038,129.19921875,1.169004676018704,0.0970503985881805,0.0354721322655677,0.0953945844882962,3.0,0,2.6471920360137347
anxiolytic.study_calm.p7.g0,anxiolytic,study_calm,relaxed slow lofi instrumental for homework,0,musicgen-small,-18.65716118700249,1.0,3.64997827358584,3.3549175598385945,3.772250260373273,73.828125,2.4716098864395457,0.082453154027462,0.052382118999958,0.1758476730855543,3.0,0,3.6798771694167094
anxiolytic.study_calm.p7.g2,anxiolytic,study_calm,relaxed slow lofi instrumental for homework,2,musicgen-small,-17.6949442219149,0.999969482421875,3.989808473020578,3.4911315759133994,4.051870364836512,83.35433467741936,3.473613894455578,0.1575537621974945,0.0565929673612117,0.0830179676537669,3.0,0,3.877824730316982
anxiolytic.study_calm.p8.g0,anxiolytic,study_calm,peaceful mellow background for writing,0,musicgen-small,-14.946205486550507,0.866943359375,3.705800577010089,3.3431765302674274,3.646562377704362,129.19921875,6.546426185704743,0.2084166705608368,0.0501971207559108,0.0699192752621271,3.0,0,3.718846291677072
anxiolytic.study_calm.p8.g2,anxiolytic,study_calm,peaceful mellow background for writing,2,musicgen-small,-30.86907070132936,0.195465087890625,3.219436072943641,2.964980635484976,3.4530788542465443,135.99917763157896,6.312625250501002,0.0288719423115253,0.0702784806489944,0.1198670672406029,3.0,0,3.2955080382618376
anxiolytic.study_calm.p9.g0,anxiolytic,study_calm,soothing steady music for a calm workday,0,musicgen-small,-17.806297377450154,0.584136962890625,2.9347480721998385,3.451806018209565,3.506933277598572,123.046875,4.843019372077488,0.1206754669547081,0.0678308010101318,0.0429120152750812,3.0,0,3.376830483989316
anxiolytic.study_calm.p9.g2,anxiolytic,study_calm,soothing steady music for a calm workday,2,musicgen-small,-23.5229822660405,0.34027099609375,2.983255233895066,3.263428620483161,3.61264948109628,129.19921875,6.646626586506346,0.0736838206648826,0.0483164303004741,0.175154827469169,3.0,0,3.1783944317885364
anxiolytic.nature_calm.p0.g0,anxiolytic,nature_calm,gentle rain sounds with soft calming piano,0,musicgen-small,-27.481547003542776,0.301727294921875,3.584178872451844,3.0218367248473874,3.347320921038956,151.99908088235293,1.6331351435680777,0.0376206934452056,0.0471255332231521,0.0555679050083366,3.0,0,3.395958802215052
anxiolytic.nature_calm.p0.g2,anxiolytic,nature_calm,gentle rain sounds with soft calming piano,2,musicgen-small,-19.144748098057047,0.57452392578125,3.0464983841821502,3.5808520339387293,3.031078414055562,135.99917763157896,2.939211756847027,0.088636428117752,0.0640773698687553,0.1300453341200897,3.0,0,3.106872911377377
anxiolytic.nature_calm.p1.g0,anxiolytic,nature_calm,peaceful forest ambience with quiet warm pads,0,musicgen-small,-30.85502164398109,0.189849853515625,3.2510594574338487,3.188098848966334,3.524420442192323,123.046875,5.577822311289245,0.0223778057843446,0.0623301900923252,0.069157184527745,3.0,0,3.084235452480668
anxiolytic.nature_calm.p1.g2,anxiolytic,nature_calm,peaceful forest ambience with quiet warm pads,2,musicgen-small,-36.15371299533181,0.134429931640625,4.32317780872589,4.171441157436521,5.560939318495029,117.45383522727272,5.945223780895123,0.0153349200263619,0.040368303656578,0.1020006859753867,3.0,0,4.74179262031703
anxiolytic.nature_calm.p2.g0,anxiolytic,nature_calm,calm ocean waves with slow soothing melody,0,musicgen-small,-41.79090658596837,0.053802490234375,3.096165138193525,2.950534952713805,5.257354223078612,129.19921875,3.076171875,0.0042148754000663,0.0281355045735836,0.4625501957954007,3.0,0,3.4470377440846987
anxiolytic.nature_calm.p2.g2,anxiolytic,nature_calm,calm ocean waves with slow soothing melody,2,musicgen-small,-22.879645083375173,0.3902587890625,3.401322766329471,3.822737488545518,3.5419940116731112,129.19921875,4.074816299265197,0.0734926387667656,0.040323793888092,0.122138832828229,3.0,0,3.366404432834885
anxiolytic.nature_calm.p3.g0,anxiolytic,nature_calm,"soft wind and distant chimes, deeply relaxing",0,musicgen-small,-36.71709469756264,0.09381103515625,4.373463088990465,3.920556137651024,5.055590455218004,112.34714673913044,8.316633266533065,0.0142198810353875,0.0641262605786323,0.161292112341608,3.0,0,3.976062216162398
anxiolytic.nature_calm.p3.g2,anxiolytic,nature_calm,"soft wind and distant chimes, deeply relaxing",2,musicgen-small,-27.180187652617565,0.300689697265625,2.9020077283511974,3.4025471086455066,3.118375538708192,129.19921875,2.171008684034736,0.0268632937222719,0.0497484393417835,0.212704425598707,3.0,0,2.8102683715910697
anxiolytic.nature_calm.p4.g0,anxiolytic,nature_calm,quiet stream sounds with gentle acoustic guitar,0,musicgen-small,-26.592705097901373,0.324554443359375,3.1959979334001534,3.206260293403853,3.569165766796041,107.666015625,2.909892314189189,0.0417355112731456,0.0525811426341533,0.1490569014688139,3.0,0,3.253982388017927
anxiolytic.nature_calm.p4.g2,anxiolytic,nature_calm,quiet stream sounds with gentle acoustic guitar,2,musicgen-small,-25.46476822649297,0.49774169921875,2.615575924925955,3.612931880930676,3.4688481105731386,103.359375,2.171008684034736,0.0445267744362354,0.049926072359085,0.0904481554659645,3.0,0,3.0922263781045287
anxiolytic.nature_calm.p5.g0,anxiolytic,nature_calm,relaxing rainfall with warm ambient drones,0,musicgen-small,-26.46927930550699,0.2056884765625,3.3653651562955726,3.384441470849953,3.4169834607038814,129.19921875,5.577822311289245,0.058182243257761,0.0445719249546527,0.0532085820304191,3.0,0,3.4841409454531322
anxiolytic.nature_calm.p5.g2,anxiolytic,nature_calm,relaxing rainfall with warm ambient drones,2,musicgen-small,-24.07032614559918,0.34515380859375,2.986578093059141,3.652834886438777,3.0332623851622618,123.046875,5.475165982295222,0.0578103102743625,0.0503301806747913,0.0360273372435484,3.0,0,3.196701798897098
anxiolytic.nature_calm.p6.g0,anxiolytic,nature_calm,serene night crickets with soft slow synth,0,musicgen-small,-34.32742302049853,0.463409423828125,3.2389874192249444,2.638466871494745,3.7148091228627753,123.046875,4.876419505678022,0.0539816170930862,0.1294924467802047,0.0699397935475316,3.0,0,3.0923226508811954
anxiolytic.nature_calm.p6.g2,anxiolytic,nature_calm,serene night crickets with soft slow synth,2,musicgen-small,-24.31657460551116,0.361846923828125,3.3197854985928763,3.8197961447517534,3.539293756254197,129.19921875,3.3734134936539744,0.0294525790959596,0.0576383769512176,0.2500780733229255,3.0,0,3.312597509951071
anxiolytic.nature_calm.p7.g0,anxiolytic,nature_calm,tranquil birdsong morning with mellow piano,0,musicgen-small,-17.34597901017357,0.7911376953125,3.145868610138828,3.3293589128746435,3.783973224430798,123.046875,7.247828991315965,0.1414734423160553,0.0499471500515937,0.1173077531097244,3.0,0,3.110383024651553
anxiolytic.nature_calm.p7.g2,anxiolytic,nature_calm,tranquil birdsong morning with mellow piano,2,musicgen-small,-27.641617478312423,0.347991943359375,3.1350943707040515,3.666127286471681,3.232638474222898,123.046875,1.3026052104208417,0.0364651530981063,0.0424365513026714,0.1553209532510603,3.0,0,3.124511947400734
anxiolytic.nature_calm.p8.g0,anxiolytic,nature_calm,soothing thunderstorm far away with calm strings,0,musicgen-small,-15.26406458481673,1.0,3.857633287101087,3.6377411435885887,3.7442955509447726,129.19921875,6.68002672010688,0.2751820087432861,0.0746944099664688,0.0551407392886654,3.0,0,3.9875692613778186
anxiolytic.nature_calm.p8.g2,anxiolytic,nature_calm,soothing thunderstorm far away with calm strings,2,musicgen-small,-32.59699892551162,0.176788330078125,3.1189250068089573,2.2611275410362865,2.896868658020633,99.38401442307692,1.8704074816299263,0.0141720967367291,0.0783364698290824,0.1552848376651808,3.0,0,3.2264065977845604
anxiolytic.nature_calm.p9.g0,anxiolytic,nature_calm,"still lake at dawn, airy peaceful soundscape",0,musicgen-small,-38.59197885133849,0.16754150390625,2.944736868191041,2.5577049259745426,3.1791125862879985,129.19921875,6.4128256513026045,0.0129292216151952,0.0641660019755363,0.0698155303693518,3.0,0,2.932306357424562
anxiolytic.nature_calm.p9.g2,anxiolytic,nature_calm,"still lake at dawn, airy peaceful soundscape",2,musicgen-small,-24.17909702816085,0.315155029296875,3.327191819625822,3.159115304485716,4.157999481577981,123.046875,7.1810287241148965,0.0736590251326561,0.0827583000063896,0.0920157408118081,3.0,0,3.2965453335087487
controls.neutral.p0.g0,controls,neutral,instrumental music,0,musicgen-small,-16.139250702580668,1.0,5.38504409104991,4.853119582808459,5.159465674025785,135.99917763157896,4.809619238476953,0.1795139759778976,0.0461152307689189,0.2215883105693306,3.0,0,5.429763090533903
controls.neutral.p0.g2,controls,neutral,instrumental music,2,musicgen-small,-16.023043094947287,1.0,5.666153226792146,4.737207283102674,5.634326372583337,117.45383522727272,5.043420173680695,0.1733378618955612,0.0436309278011322,0.3581228174464045,3.0,0,5.641432036482259
controls.neutral.p1.g0,controls,neutral,a piece of background music,0,musicgen-small,-19.63735952901965,0.54864501953125,2.5690753100675288,3.0234806009926576,2.77084034511359,135.99917763157896,3.740814963259853,0.0814143791794776,0.0595377758145332,0.04424092876089,3.0,0,2.6792229785152784
controls.neutral.p1.g2,controls,neutral,a piece of background music,2,musicgen-small,-29.73882337169916,0.203338623046875,3.627991210351059,3.1817801916826034,2.770504439786225,117.45383522727272,8.11623246492986,0.0319334380328655,0.1058003231883049,0.2392932435044843,3.0,0,3.656893251204113
controls.neutral.p2.g0,controls,neutral,melodic instrumental track,0,musicgen-small,-16.339673320298353,0.903564453125,5.971455261735018,5.319210853572734,5.461836023239589,123.046875,4.2418169672678685,0.1683819144964218,0.0445203967392444,0.0934070837808477,3.0,0,6.038254237953491
controls.neutral.p2.g2,controls,neutral,melodic instrumental track,2,musicgen-small,-23.065784481837607,0.709259033203125,5.48407204422829,5.259294888079868,5.268581256206104,123.046875,2.3046092184368736,0.0645658001303672,0.0280397273600101,0.0886610930798441,3.0,0,5.135724566350085
controls.neutral.p3.g0,controls,neutral,an instrumental composition,0,musicgen-small,-34.94576116554491,0.09820556640625,4.0359078698202,3.646861682309734,4.129226879168455,135.99917763157896,6.546426185704743,0.0157630741596221,0.0360118076205253,0.1075865438052207,3.0,0,4.018790951693267
controls.neutral.p3.g2,controls,neutral,an instrumental composition,2,musicgen-small,-29.779747063164297,0.169036865234375,2.743308539020385,2.917358694194156,3.0841374751534043,99.38401442307692,2.571810287241149,0.0336715951561927,0.0446023643016815,0.0899688582600203,3.0,0,2.7379487759888623
controls.neutral.p4.g0,controls,neutral,a musical piece with melody and accompaniment,0,musicgen-small,-31.81072181964409,0.2235107421875,2.8608027622769843,3.4745076325126374,3.7535595663840304,123.046875,6.613226452905812,0.0241771452128887,0.0480538979172706,0.2194206824745068,3.0,0,2.9435566005962968
controls.neutral.p4.g2,controls,neutral,a musical piece with melody and accompaniment,2,musicgen-small,-34.11105871984324,0.15521240234375,4.368768677822196,3.433989171730448,3.749232317867688,107.666015625,3.707414829659319,0.0196857489645481,0.0466926917433738,0.1195467576712848,3.0,0,3.891188036082609
controls.neutral.p5.g0,controls,neutral,a song without vocals,0,musicgen-small,-25.54726556302971,1.0,3.4565942446627798,3.5435230529645505,3.4718372224635017,57.421875,0.7682030728122912,0.0299819242209196,0.0432434007525444,0.1735639926233877,3.0,0,3.431933898898122
controls.neutral.p5.g2,controls,neutral,a song without vocals,2,musicgen-small,-24.14056290371527,0.667724609375,3.066585805993505,4.1389794615832445,3.6242030177727456,75.99954044117646,2.11145525147929,0.0529399998486042,0.0828090757131576,0.1342786679975101,3.0,0,3.2126344188273066
controls.neutral.p6.g0,controls,neutral,a short instrumental tune,0,musicgen-small,-12.685331363575914,1.0,3.8372886461745774,3.841716925798385,3.314046922617109,135.99917763157896,1.8704074816299263,0.0893976911902427,0.0379871279001235,0.200099678979824,3.0,0,3.8638911750344236
controls.neutral.p6.g2,controls,neutral,a short instrumental tune,2,musicgen-small,-30.03147415343994,0.2696533203125,5.091145482723435,4.033056723780638,5.555325637444519,123.046875,5.544422177688711,0.02968574129045,0.0491706207394599,0.0686109476261048,3.0,0,5.1176521104488035
controls.neutral.p7.g0,controls,neutral,music with instruments,0,musicgen-small,-24.740875778126977,0.314208984375,3.255188378089808,3.669684583378257,4.111041331757942,143.5546875,1.7702070808283232,0.0514039508998394,0.0329910814762115,0.0792615364741205,3.0,0,3.2460408657420614
controls.neutral.p7.g2,controls,neutral,music with instruments,2,musicgen-small,-25.39138273810774,0.367919921875,2.895267067316041,3.351234704139109,5.285378462389376,117.45383522727272,1.336005344021376,0.0350828021764755,0.0457783453166484,0.1028693359868209,3.0,0,3.3993969622066906
controls.neutral.p8.g0,controls,neutral,an original instrumental piece,0,musicgen-small,-14.627368355318294,0.999969482421875,3.5331295044015136,3.408391121881662,3.423068978886236,123.046875,4.509018036072144,0.1731228232383728,0.0348242633044719,0.0346147346894182,3.0,0,3.4434906032030144
controls.neutral.p8.g2,controls,neutral,an original instrumental piece,2,musicgen-small,-26.478480517459435,0.23870849609375,3.4737324039764843,3.163629535433136,3.699014828564862,123.046875,5.744822979291917,0.0506594330072402,0.0443037971854209,0.1317782315207551,3.0,0,3.678883175686935
controls.neutral.p9.g0,controls,neutral,a melodic composition for small ensemble,0,musicgen-small,-24.654732743852996,0.250213623046875,2.978309966223659,3.582179959429956,2.935971138421808,117.45383522727272,6.012024048096192,0.0496503412723541,0.049404852092266,0.0990524915609186,3.0,0,3.193195517986468
controls.neutral.p9.g2,controls,neutral,a melodic composition for small ensemble,2,musicgen-small,-29.117686990872286,0.1781005859375,4.232212943891509,3.925567768051231,4.986916903008392,123.046875,7.114228456913827,0.03528693318367,0.030715113505721,0.0459184146768855,3.0,0,4.369021596739811
controls.high_arousal.p0.g0,controls,high_arousal,intense energetic workout music with driving beat,0,musicgen-small,-26.89793170769072,0.32757568359375,5.532788045400341,4.950300624512531,5.233427140423241,123.046875,6.613226452905812,0.0224361736327409,0.0478239171206951,0.1077368956160372,3.0,0,5.447301585514289
controls.high_arousal.p0.g2,controls,high_arousal,intense energetic workout music with driving beat,2,musicgen-small,-11.13975228080876,0.999969482421875,5.333072567900765,5.814024786905841,7.666345361141317,123.046875,8.316633266533065,0.369447261095047,0.0960543006658554,0.1269868661739698,3.0,0,5.511138700131683
controls.high_arousal.p1.g0,controls,high_arousal,fast aggressive electronic dance music,0,musicgen-small,-24.68145445796148,0.701507568359375,3.038105357401282,3.4488208420751443,3.4450411831060688,123.046875,5.544422177688711,0.0838753953576088,0.0985358729958534,0.0902035511578408,3.0,0,3.3163370141089485
controls.high_arousal.p1.g2,controls,high_arousal,fast aggressive electronic dance music,2,musicgen-small,-10.384818842365846,1.0,5.874030325269469,6.006591633895475,6.562389108202055,143.5546875,4.704733455882353,0.2814322113990783,0.0541937127709388,0.1261542646512709,3.0,0,5.749433415264781
controls.high_arousal.p2.g0,controls,high_arousal,"epic dramatic action movie music, loud and powerful",0,musicgen-small,-32.10526029867177,0.35162353515625,2.8803939525681623,2.6893168937595275,4.78838314758602,123.046875,4.575818303273213,0.0318645015358924,0.0780597254633903,0.1131134716086437,3.0,0,2.8262475239493243
controls.high_arousal.p2.g2,controls,high_arousal,"epic dramatic action movie music, loud and powerful",2,musicgen-small,-17.980359470804306,0.9957275390625,4.280749945654097,3.36401609714858,3.263712728191278,135.99917763157896,0.4540659215328467,0.1345806121826172,0.0653304010629654,0.1039945478152615,3.0,0,4.024503299102777
controls.high_arousal.p3.g0,controls,high_arousal,high energy upbeat party music,0,musicgen-small,-17.12469657881506,1.0,6.126003244205603,6.388443642778144,6.427831036794956,135.99917763157896,3.507014028056112,0.1081874892115593,0.0578039996325969,0.5345671347055068,3.0,0,5.694166722772609
controls.high_arousal.p3.g2,controls,high_arousal,high energy upbeat party music,2,musicgen-small,-15.55768544941474,0.936553955078125,5.45092741304025,6.218368586043907,7.486264614227323,129.19921875,4.976619906479626,0.1791525483131408,0.0741398856043815,0.2658810270785444,3.0,0,5.127315869639913
controls.high_arousal.p4.g0,controls,high_arousal,fast exciting drum heavy music to get pumped up,0,musicgen-small,-25.852443426315503,0.539215087890625,4.861051273354659,4.882724390232126,7.432205880595312,172.265625,5.678022712090848,0.0581240057945251,0.0328303761780262,0.1152078752464714,3.0,0,5.030896496044673
controls.high_arousal.p4.g2,controls,high_arousal,fast exciting drum heavy music to get pumped up,2,musicgen-small,-19.739213566433005,0.69158935546875,6.237458843499359,5.615273857635994,6.9543814262531205,83.35433467741936,5.577822311289245,0.0996258780360221,0.0351231507956981,0.2616131043560596,3.0,0,6.178364736469819
controls.high_arousal.p5.g0,controls,high_arousal,adrenaline pumping racing game music,0,musicgen-small,-14.816708030852263,0.879425048828125,5.876512049511464,5.279623290435676,6.529780579278038,112.34714673913044,4.927088850635593,0.146078884601593,0.0480340681970119,0.3606730512070492,3.0,0,5.7934044521326005
controls.high_arousal.p5.g2,controls,high_arousal,adrenaline pumping racing game music,2,musicgen-small,-11.342550575236835,1.0,5.706379757553423,6.030540348113292,7.440497875319815,151.99908088235293,8.316633266533065,0.3311907052993774,0.0611534975469112,0.1222660015935447,3.0,0,5.413720118096565
controls.high_arousal.p6.g0,controls,high_arousal,loud powerful rock music with heavy drums,0,musicgen-small,-9.838880341391375,1.0,4.997963020335135,6.16148672152864,6.735737728879059,151.99908088235293,3.473613894455578,0.3424955010414123,0.0350378304719924,0.1626048885129705,3.0,0,5.093164680419495
controls.high_arousal.p6.g2,controls,high_arousal,loud powerful rock music with heavy drums,2,musicgen-small,-7.644282974682936,1.0,5.404667433845925,5.7056726130971,5.460386145804222,117.45383522727272,5.324442152018503,0.492749959230423,0.0508414842188358,0.1578721445006267,3.0,0,5.427209622760893
controls.high_arousal.p7.g0,controls,high_arousal,explosive festival EDM with hard drops,0,musicgen-small,-10.232047763851869,1.0,4.398043425848659,6.045697565415527,6.054888592106986,135.99917763157896,3.106212424849699,0.449593722820282,0.0604711957275867,0.0828311019763017,3.0,0,4.393698841409098
controls.high_arousal.p7.g2,controls,high_arousal,explosive festival EDM with hard drops,2,musicgen-small,-12.751503961962394,1.0,5.497695695334354,6.3934977306107,7.882643560862545,135.99917763157896,4.642618570474282,0.2741173803806305,0.036247182637453,0.0733827470135947,3.0,0,5.671397326733253
controls.high_arousal.p8.g0,controls,high_arousal,urgent intense chase scene music,0,musicgen-small,-9.570305191074173,1.0,4.949285934090148,5.991256413362687,6.306290974737246,107.666015625,6.212424849699398,0.4869405627250671,0.0367285721004009,0.0905742714689758,3.0,0,5.491615582615767
controls.high_arousal.p8.g2,controls,high_arousal,urgent intense chase scene music,2,musicgen-small,-13.344969802022392,0.9931640625,5.854483017684329,5.152033159227484,5.477140210890014,143.5546875,8.71743486973948,0.2073597311973571,0.0577196665108203,0.0647842179378514,3.0,0,5.869488139059449
controls.high_arousal.p9.g0,controls,high_arousal,thunderous battle music with pounding percussion,0,musicgen-small,-22.65068402268868,0.608428955078125,4.34199740556557,5.418326641495623,6.337070925960665,123.046875,4.1750167000668,0.0768876820802688,0.0373875945806503,0.0698603413868706,3.0,0,4.894896560489391
controls.high_arousal.p9.g2,controls,high_arousal,thunderous battle music with pounding percussion,2,musicgen-small,-21.928493156964755,0.618377685546875,4.207483685198082,5.279367090930029,2.3385166474169803,123.046875,4.542418169672678,0.0803199261426925,0.0438358373939991,0.2327282833408502,3.0,0,4.632365044468191
anxiolytic.sleep.p0.g1,anxiolytic,sleep,calm peaceful music for deep sleep,1,musicgen-small,-18.46432321214312,0.747283935546875,2.637091773249,3.2564129492046203,2.852583288440619,135.99917763157896,3.173012692050768,0.0954826399683952,0.0590166412293911,0.093703398994412,3.0,0,2.864642866302561
anxiolytic.sleep.p0.g3,anxiolytic,sleep,calm peaceful music for deep sleep,3,musicgen-small,-25.720121515449225,0.34027099609375,2.9833491466131723,2.984068528002081,3.624305166799294,123.046875,5.678022712090848,0.0536175519227981,0.0478618517518043,0.1269147382951171,3.0,0,3.175164356551961
anxiolytic.sleep.p1.g1,anxiolytic,sleep,soft soothing lullaby to help me fall asleep,1,musicgen-small,-21.71355251670282,0.469024658203125,2.9305354517549773,4.04473744928282,3.458762596865196,129.19921875,2.171008684034736,0.0834377780556678,0.0362065993249416,0.0332680070624768,3.0,0,2.8854025906774234
anxiolytic.sleep.p1.g3,anxiolytic,sleep,soft soothing lullaby to help me fall asleep,3,musicgen-small,-33.39434403076889,0.13946533203125,4.135236913497999,2.947455156393001,3.183016766699951,123.046875,1.2692050768203071,0.0202338527888059,0.0368715040385723,0.0612267821363439,3.0,0,3.8797553207375772
anxiolytic.sleep.p2.g1,anxiolytic,sleep,"gentle ambient sleep music, very slow and quiet",1,musicgen-small,-23.313640358001614,0.39019775390625,3.016383122308093,3.603873022889669,3.6656367187035768,129.19921875,6.646626586506346,0.0605833902955055,0.049116063863039,0.093569059370472,3.0,0,3.4428204691532684
anxiolytic.sleep.p2.g3,anxiolytic,sleep,"gentle ambient sleep music, very slow and quiet",3,musicgen-small,-33.15156910154024,0.126495361328125,3.4941402427956283,3.098918786556529,3.566003061367753,117.45383522727272,3.306613226452906,0.0292839109897613,0.0528086498379707,0.1480221986320742,3.0,0,3.6108538613063588
anxiolytic.sleep.p3.g1,anxiolytic,sleep,relaxing bedtime music with warm soft tones,1,musicgen-small,-10.4196817105301,0.99505615234375,2.9076252351358014,3.4149097232027548,2.2023904765211,123.046875,1.6032064128256511,0.1390841454267501,0.070117063820362,0.0762383262272891,3.0,0,3.0207579320976428
anxiolytic.sleep.p3.g3,anxiolytic,sleep,relaxing bedtime music with warm soft tones,3,musicgen-small,-34.48924102174235,0.155426025390625,3.5348098312386957,2.8745522166144246,3.268825636886841,112.34714673913044,3.41079362476145,0.012083277106285,0.0641366839408874,0.103908715129993,3.0,0,3.1614795200537893
anxiolytic.sleep.p4.g1,anxiolytic,sleep,quiet dreamy music for sleeping through the night,1,musicgen-small,-30.317686025387378,0.1822509765625,3.576044234223204,3.426176305120786,4.085939882953158,129.19921875,6.880427521710087,0.0299938432872295,0.0704158246517181,0.1290159065894756,3.0,0,3.6379154381654075
anxiolytic.sleep.p4.g3,anxiolytic,sleep,quiet dreamy music for sleeping through the night,3,musicgen-small,-21.10735423504012,0.5965576171875,2.823341481865807,2.871115291129285,3.3951834829158534,123.046875,6.947227788911156,0.0789912268519401,0.0771640390157699,0.1256603543634002,3.0,0,3.2105586789353446
anxiolytic.sleep.p5.g1,anxiolytic,sleep,slow hushed music to drift off to sleep,1,musicgen-small,-33.129569057575736,0.12896728515625,3.4531092917841373,3.588262243645342,3.766064422126849,129.19921875,7.1810287241148965,0.0234893672168254,0.057003017514944,0.1704572537565559,3.0,0,3.4458205665097665
anxiolytic.sleep.p5.g3,anxiolytic,sleep,slow hushed music to drift off to sleep,3,musicgen-small,-34.504012460678666,0.15606689453125,3.33256509813762,2.9965722145202065,4.1080329461506775,123.046875,8.183032732130927,0.0278480891138315,0.0723516121506691,0.1057490606667154,3.0,0,3.2349370819913545
anxiolytic.sleep.p6.g1,anxiolytic,sleep,tender nighttime music for restful sleep,1,musicgen-small,-31.021211428369867,0.161224365234375,3.4442103466293386,2.908604167945763,2.957004676054108,123.046875,4.809619238476953,0.0275301113724708,0.048270083963871,0.1177162353366161,3.0,0,3.5869020015695723
anxiolytic.sleep.p6.g3,anxiolytic,sleep,tender nighttime music for restful sleep,3,musicgen-small,-31.080891336087472,0.211212158203125,3.511515556206898,3.177417823526657,3.527224208899841,123.046875,4.976619906479626,0.0260702110826969,0.0526203736662864,0.0782511758276562,3.0,0,3.468118116810291
anxiolytic.sleep.p7.g1,anxiolytic,sleep,soft slow instrumental for winding down at bedtime,1,musicgen-small,-30.26396970825868,0.24139404296875,3.4222029447953792,2.4071519512247965,2.980381485075779,129.19921875,0.83500334001336,0.0296700596809387,0.0406481996178627,0.1716833754545055,3.0,0,3.3366941896727633
anxiolytic.sleep.p7.g3,anxiolytic,sleep,soft slow instrumental for winding down at bedtime,3,musicgen-small,-31.903881117625257,0.258636474609375,3.384657326882773,2.430096117235279,2.8785871890211947,123.046875,1.1356045424181695,0.0253982078284025,0.0512235052883625,0.1556878058676935,3.0,0,3.10199285754049
anxiolytic.sleep.p8.g1,anxiolytic,sleep,tranquil sleep sounds with gentle melody,1,musicgen-small,-30.18962635129596,0.214111328125,3.415898728916193,3.5126142201242097,3.9693391409896592,123.046875,7.047428189712758,0.0336623191833496,0.0762870535254478,0.1459078218262162,3.0,0,3.4662661788150806
anxiolytic.sleep.p8.g3,anxiolytic,sleep,tranquil sleep sounds with gentle melody,3,musicgen-small,-27.914509673342508,0.231414794921875,3.3239726100197977,3.257890115035482,2.437939778083566,117.45383522727272,6.312625250501002,0.0397901274263858,0.0832120478153228,0.0563645740153313,3.0,0,3.375494559287721
anxiolytic.sleep.p9.g1,anxiolytic,sleep,delicate quiet music to help a baby sleep,1,musicgen-small,-23.84592990072301,0.36163330078125,3.285204501072573,3.720916807581904,3.289325894273893,112.34714673913044,3.0394121576486306,0.0660867467522621,0.0580495111644268,0.123292064807502,3.0,0,3.369218074690925
anxiolytic.sleep.p9.g3,anxiolytic,sleep,delicate quiet music to help a baby sleep,3,musicgen-small,-25.807207361958397,0.34771728515625,3.5313425159723946,3.6223663467404736,3.9947433548967113,117.45383522727272,3.406813627254509,0.049747459590435,0.0538887158036232,0.0460716117534382,3.0,0,3.704984006283639
anxiolytic.anxiety_relief.p0.g1,anxiolytic,anxiety_relief,calming music to relieve anxiety and stress,1,musicgen-small,-28.60137823442862,0.223846435546875,3.449721744230521,3.5790860218740765,3.9157744408763326,123.046875,6.546426185704743,0.0383600853383541,0.0777028948068618,0.1743130953210785,3.0,0,3.8731136614865624
anxiolytic.anxiety_relief.p0.g3,anxiolytic,anxiety_relief,calming music to relieve anxiety and stress,3,musicgen-small,-20.76837672790845,0.46099853515625,3.1771722755291365,3.7609351817227874,4.0090360631334,112.34714673913044,6.4128256513026045,0.1005622297525405,0.0881073027849197,0.0504906121680284,3.0,0,3.2003524079892975
anxiolytic.anxiety_relief.p1.g1,anxiolytic,anxiety_relief,soothing music for panic and anxious thoughts,1,musicgen-small,-23.105926013855942,0.5635986328125,3.5934891099651938,3.5273273658092865,3.625711999502166,123.046875,4.108216432865731,0.0902930423617363,0.0788607597351074,0.1097902989013431,3.0,0,3.497907557909592
anxiolytic.anxiety_relief.p1.g3,anxiolytic,anxiety_relief,soothing music for panic and anxious thoughts,3,musicgen-small,-19.64633301782896,0.4705810546875,3.1598964072464133,3.090348966703248,2.863267889843933,129.19921875,7.080828323313293,0.1085865944623947,0.066370740532875,0.0599920611951167,3.0,0,3.139936110742206
anxiolytic.anxiety_relief.p2.g1,anxiolytic,anxiety_relief,peaceful music to calm my nerves,1,musicgen-small,-23.2066174884476,0.6181640625,2.966732505038408,3.263022907993614,3.038678392319228,123.046875,1.002004008016032,0.0677209421992302,0.0549554340541362,0.0678851832099058,3.0,0,3.2862349835882476
anxiolytic.anxiety_relief.p2.g3,anxiolytic,anxiety_relief,peaceful music to calm my nerves,3,musicgen-small,-25.27893830328584,0.2900390625,3.269284958665973,3.0757161762050105,2.76339430443299,117.45383522727272,0.8016032064128256,0.0550826080143451,0.0694957673549652,0.1388860437864134,3.0,0,3.0787923837282536
anxiolytic.anxiety_relief.p3.g1,anxiolytic,anxiety_relief,gentle reassuring music for stress relief,1,musicgen-small,-25.87066628673475,0.338714599609375,3.006858784244973,3.37463232964603,2.811723112384274,129.19921875,2.171008684034736,0.0629802495241165,0.0480433255434036,0.1420167457571291,3.0,0,3.151573857785374
anxiolytic.anxiety_relief.p3.g3,anxiolytic,anxiety_relief,gentle reassuring music for stress relief,3,musicgen-small,-24.5106363936474,0.338714599609375,3.556066962596305,3.533757356757284,3.524502460506445,117.45383522727272,5.277221108884436,0.0649694353342056,0.0407708585262298,0.0992790352294217,3.0,0,3.6748828984906465
anxiolytic.anxiety_relief.p4.g1,anxiolytic,anxiety_relief,tranquil music to ease tension and worry,1,musicgen-small,-14.641379328114231,0.80242919921875,3.401526912429842,3.9811855344486142,3.824963853244149,117.45383522727272,5.444221776887107,0.1762630492448806,0.0622207410633564,0.0596464513030029,3.0,0,3.9311161417362777
anxiolytic.anxiety_relief.p4.g3,anxiolytic,anxiety_relief,tranquil music to ease tension and worry,3,musicgen-small,-27.552905122651563,0.212066650390625,3.549353626021877,3.396485759448764,2.9578119322587715,103.359375,0.7682030728122912,0.0453577972948551,0.0534721054136753,0.1452405186391014,3.0,0,3.3062001153740637
anxiolytic.anxiety_relief.p5.g1,anxiolytic,anxiety_relief,comforting slow music for when I feel overwhelmed,1,musicgen-small,-21.855965613843345,0.75286865234375,3.84581406724636,3.4180735190995004,3.329472920939346,78.30255681818181,1.4028056112224447,0.0786544010043144,0.0450622700154781,0.0667932425486078,3.0,0,3.7047138757206355
anxiolytic.anxiety_relief.p5.g3,anxiolytic,anxiety_relief,comforting slow music for when I feel overwhelmed,3,musicgen-small,-31.759785294794,0.165374755859375,3.4098211796283,2.923064996869367,3.655260049594581,129.19921875,1.5364061456245823,0.0260514672845602,0.0458994396030902,0.1083223171141636,3.0,0,3.3367212747901407
anxiolytic.anxiety_relief.p6.g1,anxiolytic,anxiety_relief,soft grounding music to slow my racing heart,1,musicgen-small,-24.601192835941504,0.375518798828125,3.3812322285040435,3.465828321570096,3.8295066135208273,129.19921875,5.8450233800935205,0.0695655941963195,0.0569013096392154,0.0719017741180383,3.0,0,3.4414588789786906
anxiolytic.anxiety_relief.p6.g3,anxiolytic,anxiety_relief,soft grounding music to slow my racing heart,3,musicgen-small,-30.781401254200556,0.294647216796875,3.654751780134983,3.5478575892583293,4.40435101292268,117.45383522727272,6.880427521710087,0.0320556312799453,0.0849079266190528,0.2158423789816604,3.0,0,3.509659224263023
anxiolytic.anxiety_relief.p7.g1,anxiolytic,anxiety_relief,warm gentle music to feel safe and relaxed,1,musicgen-small,-23.18866859335985,0.34674072265625,3.447548322073017,3.823778204473298,3.5855215109334617,112.34714673913044,3.5404141616566465,0.0743994414806366,0.0449071787297725,0.1510008722442446,3.0,0,3.063299837375826
anxiolytic.anxiety_relief.p7.g3,anxiolytic,anxiety_relief,warm gentle music to feel safe and relaxed,3,musicgen-small,-27.559476157028424,0.3162841796875,3.834240356894605,3.918312874703023,4.345109937583601,129.19921875,4.275217100868403,0.0447359792888164,0.0601041093468666,0.0963139469829128,3.0,0,3.520615200680993
anxiolytic.anxiety_relief.p8.g1,anxiolytic,anxiety_relief,quiet consoling music for a stressful day,1,musicgen-small,-21.280265400183605,1.0,3.3387916617754057,3.3236573672141576,2.9160885001161923,129.19921875,5.243820975283901,0.1967700272798538,0.0643229335546493,0.1059631140251315,3.0,0,3.3659767525705093
anxiolytic.anxiety_relief.p8.g3,anxiolytic,anxiety_relief,quiet consoling music for a stressful day,3,musicgen-small,-20.46005853774866,0.498138427734375,2.9134382624570385,3.588055665696691,3.879849062397572,123.046875,5.878423513694054,0.0859128981828689,0.0453480817377567,0.1109621249203265,3.0,0,3.2833172837663547
anxiolytic.anxiety_relief.p9.g1,anxiolytic,anxiety_relief,serene music that helps anxiety melt away,1,musicgen-small,-24.61091068096393,0.669769287109375,2.518981386731041,3.883841603433496,3.0537992716742632,123.046875,3.8076152304609217,0.0446346327662467,0.0522106997668743,0.1215917754988232,3.0,0,2.529506600376694
anxiolytic.anxiety_relief.p9.g3,anxiolytic,anxiety_relief,serene music that helps anxiety melt away,3,musicgen-small,-28.617452333081346,0.33026123046875,3.2113126209402383,3.078844599313414,3.372536228242403,112.34714673913044,3.8076152304609217,0.0375834442675113,0.0731080695986747,0.1632578805976841,3.0,0,3.091545593738082
anxiolytic.meditation.p0.g1,anxiolytic,meditation,slow meditation music with soft sustained tones,1,musicgen-small,-18.68071841299743,0.5609130859375,3.400907812887811,3.516076018318946,3.527171279971162,123.046875,5.711422845691383,0.120320901274681,0.0693153887987136,0.0460862826414377,3.0,0,3.342203755977775
anxiolytic.meditation.p0.g3,anxiolytic,meditation,slow meditation music with soft sustained tones,3,musicgen-small,-27.335739341410576,0.30303955078125,3.532214358559716,3.1094968188304764,3.799965191345784,123.046875,6.279225116900467,0.0433562919497489,0.0815971940755844,0.0467822854516661,3.0,0,3.5294882063923323
anxiolytic.meditation.p1.g1,anxiolytic,meditation,peaceful ambient music for mindfulness meditation,1,musicgen-small,-7.966549770838653,1.0,3.467247301676124,3.017277021837768,2.934922236379707,129.19921875,3.3734134936539744,0.4561822414398193,0.0424001067876815,0.0360834432609814,3.0,0,3.108941305403209
anxiolytic.meditation.p1.g3,anxiolytic,meditation,peaceful ambient music for mindfulness meditation,3,musicgen-small,-12.292782899323331,0.876617431640625,3.980650489633669,3.7660522732271327,3.840131476582633,123.046875,4.342017368069472,0.2604766488075256,0.063529759645462,0.0408866291181407,3.0,0,4.082033655604552
anxiolytic.meditation.p2.g1,anxiolytic,meditation,"serene meditative soundscape, gentle and warm",1,musicgen-small,-20.53458110916872,0.427093505859375,3.3200207453154924,3.343439831652198,3.682393485206528,129.19921875,6.4796259185036735,0.111819788813591,0.0555003769695758,0.1677136177710416,3.0,0,3.2815346246348036
anxiolytic.meditation.p2.g3,anxiolytic,meditation,"serene meditative soundscape, gentle and warm",3,musicgen-small,-31.10827977161983,0.167236328125,3.06427100070261,3.1918045282270984,3.809098362162616,123.046875,7.448229792919172,0.0353405401110649,0.070211611688137,0.161386381718144,3.0,0,3.2501873127442567
anxiolytic.meditation.p3.g1,anxiolytic,meditation,"calm breathing meditation music, very slow tempo",1,musicgen-small,-20.072592298780798,0.604827880859375,2.867631959811741,3.445532028099182,3.3664517996591874,123.046875,5.511022044088176,0.1040820702910423,0.0466647073626518,0.103523477543262,3.0,0,2.9331738328422974
anxiolytic.meditation.p3.g3,anxiolytic,meditation,"calm breathing meditation music, very slow tempo",3,musicgen-small,-26.109024023121364,0.25714111328125,3.6545465564531567,3.2982060814104432,3.4025154072517534,123.046875,7.581830327321309,0.0555892474949359,0.0484885424375534,0.0333043747203603,3.0,0,3.6147158196028464
anxiolytic.meditation.p4.g1,anxiolytic,meditation,still and spacious ambient music for deep relaxation,1,musicgen-small,-17.967630934966866,0.730804443359375,3.152102666874625,3.2252461713536835,2.924588402698544,123.046875,4.3086172344689375,0.1373144388198852,0.0440203584730625,0.09482090473523,3.0,0,3.2427612734062494
anxiolytic.meditation.p4.g3,anxiolytic,meditation,still and spacious ambient music for deep relaxation,3,musicgen-small,-24.74869507098927,0.492156982421875,2.966410705064642,2.940108012688927,3.290940480022256,117.45383522727272,4.976619906479626,0.0587239824235439,0.0868275091052055,0.0907803104916984,3.0,0,3.0638943404653367
anxiolytic.meditation.p5.g1,anxiolytic,meditation,floating ambient drone for quiet meditation,1,musicgen-small,-20.719002282262284,0.564849853515625,3.227558914997176,3.4122553791801877,4.087763078967555,117.45383522727272,7.114228456913827,0.1048161834478378,0.0549624003469944,0.1318932788113604,3.0,0,3.29607580237415
anxiolytic.meditation.p5.g3,anxiolytic,meditation,floating ambient drone for quiet meditation,3,musicgen-small,-22.44726776631456,0.4781494140625,2.3626403480803324,3.611408778455948,3.424529086119043,112.34714673913044,6.346025384101536,0.0498827546834945,0.0712964981794357,0.0779793741179233,3.0,0,2.571370080330579
anxiolytic.meditation.p6.g1,anxiolytic,meditation,gentle zen music for a calm clear mind,1,musicgen-small,-18.02897427519028,0.548370361328125,3.628916814821612,3.747952585813522,3.821517141910447,123.046875,5.444221776887107,0.1352531760931015,0.0723448395729065,0.0387175565665966,3.0,0,3.467649977673619
anxiolytic.meditation.p6.g3,anxiolytic,meditation,gentle zen music for a calm clear mind,3,musicgen-small,-18.97301505189188,0.60211181640625,3.228424526708141,3.225672769012188,3.541296803642271,129.19921875,5.678022712090848,0.1189694106578826,0.0536766722798347,0.0623118298581377,3.0,0,3.292959025004938
anxiolytic.meditation.p7.g1,anxiolytic,meditation,soft spa music for deep rest and healing,1,musicgen-small,-22.65823275158301,0.400604248046875,2.859083270592418,3.6324786509713234,3.8191360583194687,112.34714673913044,7.281229124916499,0.0800399035215377,0.0595569126307964,0.099685980218573,3.0,0,3.167372668897257
anxiolytic.meditation.p7.g3,anxiolytic,meditation,soft spa music for deep rest and healing,3,musicgen-small,-20.377216113583533,0.601043701171875,3.1257871778638897,3.489546652906513,3.4850251394697724,117.45383522727272,5.611222444889779,0.1023171693086624,0.0459022149443626,0.1555634318364118,3.0,0,3.154137353781663
anxiolytic.meditation.p8.g1,anxiolytic,meditation,slow flowing ambient music for yoga relaxation,1,musicgen-small,-26.70001047939593,0.366119384765625,2.574942527455084,2.655247459030129,2.53982330647195,123.046875,0.2004008016032064,0.0463544577360153,0.0619630366563797,0.1847735496602717,3.0,0,2.917630232979392
anxiolytic.meditation.p8.g3,anxiolytic,meditation,slow flowing ambient music for yoga relaxation,3,musicgen-small,-21.125573858937024,0.585296630859375,3.2250806406107286,3.564616155132968,4.181171435726433,123.046875,6.613226452905812,0.0874939560890197,0.0926647782325744,0.1044180803549015,3.0,0,3.160637025354807
anxiolytic.meditation.p9.g1,anxiolytic,meditation,minimal peaceful tones for silent contemplation,1,musicgen-small,-27.45958749666558,0.282073974609375,3.213188702118842,2.709294830298248,3.034291058688664,123.046875,4.742818971275885,0.0427335165441036,0.0911153778433799,0.0771172447054985,3.0,0,3.605162677862052
anxiolytic.meditation.p9.g3,anxiolytic,meditation,minimal peaceful tones for silent contemplation,3,musicgen-small,-21.376520540958587,0.427001953125,3.089021989361923,3.3417574098656124,2.5216948230761203,123.046875,0.7348029392117568,0.0759097263216972,0.0517705492675304,0.0417565970627541,3.0,0,3.139658602128581
anxiolytic.study_calm.p0.g1,anxiolytic,study_calm,soft calm background music for focused studying,1,musicgen-small,-31.546118084868933,0.263824462890625,3.341681321463504,2.8374302672614107,3.3055163042580133,112.34714673913044,2.1042084168336674,0.0381564758718013,0.0930733010172844,0.1102392611879364,3.0,0,3.397307951396025
anxiolytic.study_calm.p0.g3,anxiolytic,study_calm,soft calm background music for focused studying,3,musicgen-small,-30.890747361637555,0.210845947265625,3.946882180497119,3.2546787472214405,3.57335185235896,117.45383522727272,5.31062124248497,0.0274290069937706,0.0814909785985946,0.0832327395317781,3.0,0,3.6710161004150663
anxiolytic.study_calm.p1.g1,anxiolytic,study_calm,gentle low-key instrumental music for concentration,1,musicgen-small,-26.441848670978853,0.26739501953125,3.333945425043886,3.3727809730872966,3.662051320081385,135.99917763157896,5.31062124248497,0.0492890924215316,0.0845053419470787,0.1631898561403699,3.0,0,3.4866732920650896
anxiolytic.study_calm.p1.g3,anxiolytic,study_calm,gentle low-key instrumental music for concentration,3,musicgen-small,-13.19041844618074,0.824859619140625,3.729891976961377,4.200061347726201,3.595856819062041,112.34714673913044,2.137608550434201,0.2203774154186248,0.0665380954742431,0.0302703866228125,3.0,0,3.89245265169372
anxiolytic.study_calm.p2.g1,anxiolytic,study_calm,quiet mellow music to stay relaxed while working,1,musicgen-small,-31.44037514862552,0.20001220703125,3.2490822301639244,3.099182559043861,3.624699422428881,112.34714673913044,2.2053328804347827,0.0187173057347536,0.0452520735561847,0.1526436103324799,3.0,0,2.8598151243415337
anxiolytic.study_calm.p2.g3,anxiolytic,study_calm,quiet mellow music to stay relaxed while working,3,musicgen-small,-29.061996221684005,0.34490966796875,3.4848970091493263,2.6711719885617624,3.537682903075672,117.45383522727272,5.143620574482298,0.0372556187212467,0.0492045059800148,0.1786756447583688,3.0,0,3.4874483488441532
anxiolytic.study_calm.p3.g1,anxiolytic,study_calm,smooth peaceful background music without distractions,1,musicgen-small,-29.05352290319197,0.27630615234375,3.3889377159252305,3.098232045944324,3.396668895528481,129.19921875,3.1396125584502337,0.0398623757064342,0.0816930830478668,0.0994333572596498,3.0,0,3.447081178046301
anxiolytic.study_calm.p3.g3,anxiolytic,study_calm,smooth peaceful background music without distractions,3,musicgen-small,-24.549814515072093,0.349700927734375,3.389005464502463,3.256502151701195,2.933367035558594,123.046875,0.9352037408149632,0.0611875429749488,0.0510498844087123,0.1024525040534066,3.0,0,3.215116663038901
anxiolytic.study_calm.p4.g1,anxiolytic,study_calm,light airy calm instrumental for reading,1,musicgen-small,-35.52765466758971,0.14593505859375,3.371668121140885,3.3333118559703125,3.540201599625147,123.046875,5.3115234375,0.0128873633220791,0.0551399104297161,0.0396606499750701,3.0,0,3.4165868313156365
anxiolytic.study_calm.p4.g3,anxiolytic,study_calm,light airy calm instrumental for reading,3,musicgen-small,-23.98823038336421,0.325103759765625,3.18331085329556,3.511514798739482,2.904188834200945,123.046875,0.3674014696058784,0.059687428176403,0.0642219856381416,0.1202685036557781,3.0,0,3.1213985405421765
anxiolytic.study_calm.p5.g1,anxiolytic,study_calm,unobtrusive soft music for deep focus,1,musicgen-small,-25.525065747589174,0.3104248046875,3.161962494791201,3.337012340210844,3.937019943393704,117.45383522727272,6.212424849699398,0.0547099560499191,0.0748439356684684,0.1542869143796909,3.0,0,3.3149699212136965
anxiolytic.study_calm.p5.g3,anxiolytic,study_calm,unobtrusive soft music for deep focus,3,musicgen-small,-21.317542940757352,0.5604248046875,3.2306927981050304,3.485327828086908,3.5241321926767304,123.046875,6.446225784903139,0.0812651291489601,0.0538780130445957,0.0890580791173466,3.0,0,3.239189973996942
anxiolytic.study_calm.p6.g1,anxiolytic,study_calm,calm minimal piano for quiet study sessions,1,musicgen-small,-24.674204407629368,0.368255615234375,2.697103162229451,2.705544260202617,2.514594433327626,129.19921875,1.3026052104208417,0.0557718314230442,0.0406987555325031,0.1001877601535606,3.0,0,2.6126910630300797
anxiolytic.study_calm.p6.g3,anxiolytic,study_calm,calm minimal piano for quiet study sessions,3,musicgen-small,-31.19163793325712,0.28680419921875,2.725040874458168,2.569857056957351,3.110088994749315,117.45383522727272,0.9018036072144288,0.0242620836943388,0.048950906842947,0.1809837546943351,3.0,0,3.0822281683345443
anxiolytic.study_calm.p7.g1,anxiolytic,study_calm,relaxed slow lofi instrumental for homework,1,musicgen-small,-16.913443014250856,0.9632568359375,3.591929463051989,3.556394125677445,4.438975622869532,161.4990234375,2.9401425523661757,0.1209525987505912,0.0829866454005241,0.0776608836361999,3.0,0,3.4914276314727024
anxiolytic.study_calm.p7.g3,anxiolytic,study_calm,relaxed slow lofi instrumental for homework,3,musicgen-small,-23.08708486936132,1.0,2.956454619225298,3.67167619703734,3.7410582983547824,151.99908088235293,1.4362057448229792,0.0455941297113895,0.0657721906900405,0.1494280235086206,3.0,0,3.0283240586504334
anxiolytic.study_calm.p8.g1,anxiolytic,study_calm,peaceful mellow background for writing,1,musicgen-small,-29.201326531538133,0.22491455078125,3.3636315979201203,3.286743243424272,3.5041522423496985,123.046875,6.145624582498329,0.0354266427457332,0.0740063339471817,0.1444942141339923,3.0,0,3.457107959633744
anxiolytic.study_calm.p8.g3,anxiolytic,study_calm,peaceful mellow background for writing,3,musicgen-small,-19.23288492131569,0.56256103515625,2.372512467978998,2.854925466190849,1.795131785934485,123.046875,0.8684034736138945,0.0947851166129112,0.0467988289892673,0.0486915527304156,3.0,0,2.504187284789256
anxiolytic.study_calm.p9.g1,anxiolytic,study_calm,soothing steady music for a calm workday,1,musicgen-small,-28.58737457746668,0.202178955078125,3.1805535727930074,3.2420425684018768,3.5528559585893844,123.046875,7.047428189712758,0.0394500233232975,0.0484262108802795,0.1093351161633295,3.0,0,3.3116541006041835
anxiolytic.study_calm.p9.g3,anxiolytic,study_calm,soothing steady music for a calm workday,3,musicgen-small,-23.21035225564629,0.348236083984375,2.8650872582434195,3.651842843994884,3.061713132582036,107.666015625,0.9352037408149632,0.0609321072697639,0.0424121208488941,0.1020006875060571,3.0,0,3.027378205869181
anxiolytic.nature_calm.p0.g1,anxiolytic,nature_calm,gentle rain sounds with soft calming piano,1,musicgen-small,-23.36192519217648,0.7161865234375,2.375360508319968,3.4037284681125204,3.0792941789321686,117.45383522727272,2.4716098864395457,0.0531841292977333,0.047656062990427,0.1104755406020471,3.0,0,2.56597835576303
anxiolytic.nature_calm.p0.g3,anxiolytic,nature_calm,gentle rain sounds with soft calming piano,3,musicgen-small,-26.91657762088164,0.3607177734375,3.2493394748488367,3.2055537560469274,3.218055402551054,123.046875,1.4696058784235135,0.0363529287278652,0.0490273311734199,0.1105582517372347,3.0,0,3.1083638543431187
anxiolytic.nature_calm.p1.g1,anxiolytic,nature_calm,peaceful forest ambience with quiet warm pads,1,musicgen-small,-21.37275856098065,0.417266845703125,2.7607192817213604,3.198246831402493,3.349175597006364,117.45383522727272,6.780227120908483,0.0774197652935981,0.0591198541224002,0.0530760335644185,3.0,0,2.918773122255203
anxiolytic.nature_calm.p1.g3,anxiolytic,nature_calm,peaceful forest ambience with quiet warm pads,3,musicgen-small,-24.27190802047237,0.305816650390625,2.982957806953068,3.036786188799655,3.4351822340799165,143.5546875,4.809619238476953,0.0603481456637382,0.0494223572313785,0.0400403641038853,3.0,0,3.1832221786271795
anxiolytic.nature_calm.p2.g1,anxiolytic,nature_calm,calm ocean waves with slow soothing melody,1,musicgen-small,-31.28203488479541,0.46697998046875,3.177895358265044,3.197798208281853,4.521371820897057,117.45383522727272,2.371409485637942,0.023580027744174,0.0330008789896965,0.1882134681066207,3.0,0,3.27634788507524
anxiolytic.nature_calm.p2.g3,anxiolytic,nature_calm,calm ocean waves with slow soothing melody,3,musicgen-small,-27.814116791922554,0.263092041015625,3.2299691187099366,3.2470337112272296,3.3180355763012037,129.19921875,4.275217100868403,0.0429935231804847,0.0497416034340858,0.2531271670608812,3.0,0,3.2034466084198185
anxiolytic.nature_calm.p3.g1,anxiolytic,nature_calm,"soft wind and distant chimes, deeply relaxing",1,musicgen-small,-41.3505913507455,0.1109619140625,2.8358989967602675,3.20044267757554,3.5493123040670254,103.359375,2.237808951235805,0.0069244680926203,0.0639140009880065,0.1247415014263425,3.0,0,2.774547954827837
anxiolytic.nature_calm.p3.g3,anxiolytic,nature_calm,"soft wind and distant chimes, deeply relaxing",3,musicgen-small,-15.88370342124328,0.68658447265625,3.231387338361435,3.623289236063859,3.791531731372314,117.45383522727272,6.012024048096192,0.150585800409317,0.0506613180041313,0.0428615707777895,3.0,0,3.2848624452337845
anxiolytic.nature_calm.p4.g1,anxiolytic,nature_calm,quiet stream sounds with gentle acoustic guitar,1,musicgen-small,-30.52144337731979,0.243255615234375,2.8849811505854763,2.792488368666241,3.095375139571893,123.046875,1.503006012024048,0.026544727385044,0.0488785170018672,0.1128400571942558,3.0,0,2.808814919855544
anxiolytic.nature_calm.p4.g3,anxiolytic,nature_calm,quiet stream sounds with gentle acoustic guitar,3,musicgen-small,-20.768529448939137,0.641204833984375,3.837348518616756,3.2322592607914364,3.858277889584692,117.45383522727272,4.47561790247161,0.096305102109909,0.0598578080534935,0.0795270690252248,3.0,0,3.6769584779988094
anxiolytic.nature_calm.p5.g1,anxiolytic,nature_calm,relaxing rainfall with warm ambient drones,1,musicgen-small,-22.31845458282693,0.614654541015625,2.770541612039377,2.853234475011204,3.1053933831959606,117.45383522727272,2.137608550434201,0.0705918446183204,0.0700284913182258,0.0918773443492409,3.0,0,2.778850484879455
anxiolytic.nature_calm.p5.g3,anxiolytic,nature_calm,relaxing rainfall with warm ambient drones,3,musicgen-small,-14.581612891677162,0.889892578125,3.7332011602309114,3.226167438413724,3.298501620227709,117.45383522727272,0.8684034736138945,0.2190718352794647,0.0534912198781967,0.1517003341143433,3.0,0,3.566307289579894
anxiolytic.nature_calm.p6.g1,anxiolytic,nature_calm,serene night crickets with soft slow synth,1,musicgen-small,-35.32721226826561,0.075408935546875,2.805564689136572,2.961312616654683,2.591347142086164,123.046875,3.406813627254509,0.0166048239916563,0.0402904786169528,0.0542897449363976,3.0,0,2.753963114400578
anxiolytic.nature_calm.p6.g3,anxiolytic,nature_calm,serene night crickets with soft slow synth,3,musicgen-small,-24.23597909028393,0.55169677734375,3.370242817475027,3.398431740889849,2.5156613603132167,117.45383522727272,4.809619238476953,0.0779334157705307,0.0844960808753967,0.0508756378219042,3.0,0,3.320203864003988
anxiolytic.nature_calm.p7.g1,anxiolytic,nature_calm,tranquil birdsong morning with mellow piano,1,musicgen-small,-21.0714850283703,0.555023193359375,3.206204765538225,4.297566532413329,3.6579627856963,117.45383522727272,5.243820975283901,0.0858710035681724,0.0336693152785301,0.0634771810936965,3.0,0,3.3685894978937947
anxiolytic.nature_calm.p7.g3,anxiolytic,nature_calm,tranquil birdsong morning with mellow piano,3,musicgen-small,-24.969869107190668,0.468963623046875,2.473597576782581,3.428200312156123,2.638213424424273,117.45383522727272,1.503006012024048,0.0346572063863277,0.0473218597471714,0.0899277284472692,3.0,0,2.6124582350318373
anxiolytic.nature_calm.p8.g1,anxiolytic,nature_calm,soothing thunderstorm far away with calm strings,1,musicgen-small,-35.521548655889205,0.142486572265625,3.1344372358960904,3.2146852071141656,3.892514089135226,129.19921875,6.00277299432739,0.0106581263244152,0.0589126870036125,0.2351865220933805,3.0,0,3.2191600232264364
anxiolytic.nature_calm.p8.g3,anxiolytic,nature_calm,soothing thunderstorm far away with calm strings,3,musicgen-small,-29.68342928651777,0.265228271484375,3.6902317422872097,3.237933419718685,3.67764095250891,117.45383522727272,5.978623914495658,0.0435401014983654,0.066504843533039,0.1366824329247027,3.0,0,3.759523230930175
anxiolytic.nature_calm.p9.g1,anxiolytic,nature_calm,"still lake at dawn, airy peaceful soundscape",1,musicgen-small,-28.885394700199765,0.44232177734375,3.3356752661358007,2.765142509882791,3.4037967739173,117.45383522727272,6.947227788911156,0.0650896877050399,0.1097841784358024,0.1019262252665936,3.0,0,3.1752260445602514
anxiolytic.nature_calm.p9.g3,anxiolytic,nature_calm,"still lake at dawn, airy peaceful soundscape",3,musicgen-small,-21.193386364742224,0.356109619140625,2.50351944372883,3.5771910396405326,3.078384462113241,123.046875,5.110220440881763,0.091727390885353,0.0380453653633594,0.0130221291928549,3.0,0,2.7743426388782346
controls.neutral.p0.g1,controls,neutral,instrumental music,1,musicgen-small,-16.12720539170807,1.0,5.730964305993441,4.811766630187703,5.506798805986396,123.046875,5.143620574482298,0.1791918873786926,0.0453551821410656,0.2249893171704131,3.0,0,5.634599292347352
controls.neutral.p0.g3,controls,neutral,instrumental music,3,musicgen-small,-15.966220535062329,1.0,5.503113629393612,4.950759929784492,5.615410725011467,143.5546875,5.043420173680695,0.1740964651107788,0.0435448549687862,0.339844207559681,3.0,0,5.597894766998289
controls.neutral.p1.g1,controls,neutral,a piece of background music,1,musicgen-small,-29.54078880609441,0.184844970703125,3.3555527211332747,3.351564611118845,3.519999110196859,129.19921875,5.811623246492986,0.0426257289946079,0.0665499791502952,0.069460280410124,3.0,0,3.4167333511182036
controls.neutral.p1.g3,controls,neutral,a piece of background music,3,musicgen-small,-31.8631478428437,0.143707275390625,3.8218096986983303,3.629084833260229,3.314699889348004,103.359375,3.2732130928523717,0.0325559489428997,0.0497838072478771,0.095117496062225,3.0,0,3.627313852947606
controls.neutral.p2.g1,controls,neutral,melodic instrumental track,1,musicgen-small,-29.00112856865464,0.387939453125,5.078228280775724,4.750326659015251,6.751931666413374,112.34714673913044,4.008016032064128,0.0346566848456859,0.0337875746190547,0.138236028452433,3.0,0,5.221475920170837
controls.neutral.p2.g3,controls,neutral,melodic instrumental track,3,musicgen-small,-17.774593752887743,0.8052978515625,4.495204173591271,5.098832623847092,4.267214054555924,99.38401442307692,4.742818971275885,0.1210393384099006,0.0457991436123847,0.1091492071385665,3.0,0,5.15448593444157
controls.neutral.p3.g1,controls,neutral,an instrumental composition,1,musicgen-small,-19.879220962963803,0.472503662109375,2.776617535518665,3.257181299876215,2.300260403850237,92.28515625,1.2024048096192383,0.0950270369648933,0.0476484671235084,0.0345032722321635,3.0,0,2.8480024606413856
controls.neutral.p3.g3,controls,neutral,an instrumental composition,3,musicgen-small,-11.412030035265532,0.875091552734375,4.265166338794027,4.516463241081815,3.986185062365372,123.046875,5.243820975283901,0.2843838930130005,0.0400829911231994,0.0467482267225531,3.0,0,4.444735849409456
controls.neutral.p4.g1,controls,neutral,a musical piece with melody and accompaniment,1,musicgen-small,-32.06563176829444,0.22601318359375,3.613889408313304,3.682679369645306,3.5237665405722254,92.28515625,3.0728122912491647,0.025152301415801,0.0653871446847915,0.1473662854349741,3.0,0,3.7781680276402008
controls.neutral.p4.g3,controls,neutral,a musical piece with melody and accompaniment,3,musicgen-small,-33.137148907077886,0.12738037109375,3.62855410226873,3.1299397465700016,3.4475616398004982,123.046875,3.2398129592518368,0.0236899610608816,0.0429813526570797,0.2004335968473686,3.0,0,3.6652367805682764
controls.neutral.p5.g1,controls,neutral,a song without vocals,1,musicgen-small,-23.410966607961868,0.682586669921875,4.164505463810326,4.861984423346232,4.504602695524973,143.5546875,4.809619238476953,0.0668882057070732,0.0787316784262657,0.1273822442673642,3.0,0,4.1887662305291204
controls.neutral.p5.g3,controls,neutral,a song without vocals,3,musicgen-small,-24.956175578059383,0.583251953125,3.9183135055641496,4.628307099089742,3.9819817160017705,103.359375,4.041416165664662,0.0484202243387699,0.0814964026212692,0.1255440184044711,3.0,0,4.003925570447644
controls.neutral.p6.g1,controls,neutral,a short instrumental tune,1,musicgen-small,-20.3759421955157,0.872955322265625,3.834160785684831,3.844786594512757,4.323455660980139,117.45383522727272,2.004008016032064,0.0744780451059341,0.0742168948054313,0.143887489459811,3.0,0,3.9951263811535838
controls.neutral.p6.g3,controls,neutral,a short instrumental tune,3,musicgen-small,-30.67915759077724,0.22296142578125,5.07431488365671,4.867876061270904,5.696168849585948,117.45383522727272,5.839512711864407,0.0284083671867847,0.0453992635011673,0.1476177131139384,3.0,0,5.236948975765812
controls.neutral.p7.g1,controls,neutral,music with instruments,1,musicgen-small,-26.54015781096862,0.45050048828125,4.797168807120278,4.78265061417537,4.948934858932275,117.45383522727272,3.3734134936539744,0.0419201031327247,0.034743309020996,0.1188022716823697,3.0,0,5.07051016528481
controls.neutral.p7.g3,controls,neutral,music with instruments,3,musicgen-small,-33.65811342374568,0.110443115234375,3.989087058359039,4.044135314939395,6.40743066959124,117.45383522727272,6.579826319305277,0.0176315009593963,0.0223331786692142,0.1343776595657642,3.0,0,3.901937863391801
controls.neutral.p8.g1,controls,neutral,an original instrumental piece,1,musicgen-small,-35.07787865209664,0.1590576171875,4.4003441115537285,3.3644438811664363,3.524251021132131,123.046875,2.271209084836339,0.0157899428158998,0.042320504784584,0.0840086046672481,3.0,0,4.24667325082355
controls.neutral.p8.g3,controls,neutral,an original instrumental piece,3,musicgen-small,-31.409995347133776,0.295623779296875,3.603331559235572,3.007373352396168,3.348525554437882,123.046875,1.503006012024048,0.0190934166312217,0.0347785875201225,0.0933414249201512,3.0,0,3.1813899501320337
controls.neutral.p9.g1,controls,neutral,a melodic composition for small ensemble,1,musicgen-small,-34.33457571903973,0.161376953125,2.831161862598,3.1986845491891205,3.190390460205224,123.046875,2.0374081496325984,0.0124659016728401,0.0417317003011703,0.1089375294120905,3.0,0,2.864566038817217
controls.neutral.p9.g3,controls,neutral,a melodic composition for small ensemble,3,musicgen-small,-23.07597968515893,0.38226318359375,4.130931239996228,3.479212116884741,3.366245567426354,117.45383522727272,2.9726118904475616,0.0492238998413085,0.0538489632308483,0.0513294852200559,3.0,0,4.200074880435855
controls.high_arousal.p0.g1,controls,high_arousal,intense energetic workout music with driving beat,1,musicgen-small,-18.479147458929937,1.0,5.395390330432949,5.5005683146207565,7.853374845810156,92.28515625,7.014028056112224,0.0832367688417434,0.0254358723759651,0.7189037472194303,3.0,0,5.929330541693785
controls.high_arousal.p0.g3,controls,high_arousal,intense energetic workout music with driving beat,3,musicgen-small,-16.42990193435126,1.0,5.271151453038439,5.592463755690269,7.035191906013741,129.19921875,5.544422177688711,0.1925709843635559,0.0840502604842186,0.0757850962398701,3.0,0,5.554585150992676
controls.high_arousal.p1.g1,controls,high_arousal,fast aggressive electronic dance music,1,musicgen-small,-24.584963120132645,0.3619384765625,5.957103459055805,5.837825735473833,6.410732506723903,151.99908088235293,5.744822979291917,0.0619731768965721,0.0458421632647514,0.0869240982246602,3.0,0,5.9091894105325125
controls.high_arousal.p1.g3,controls,high_arousal,fast aggressive electronic dance music,3,musicgen-small,-10.369553590901369,1.0,4.0664957714320185,6.024690694268299,4.280087852810922,117.45383522727272,5.210420841683367,0.3679285943508148,0.0394945330917835,0.1122827940943486,3.0,0,4.513427247531013
controls.high_arousal.p2.g1,controls,high_arousal,"epic dramatic action movie music, loud and powerful",1,musicgen-small,-21.63944408933281,0.52728271484375,3.309057778984712,3.886991729552876,4.17207790220683,129.19921875,3.173012692050768,0.078944444656372,0.0302566457539796,0.0428280182281968,3.0,0,3.3020625755614232
controls.high_arousal.p2.g3,controls,high_arousal,"epic dramatic action movie music, loud and powerful",3,musicgen-small,-21.48842041464634,1.0,3.830621498020519,4.050755772947247,3.8696261380480257,107.666015625,4.3086172344689375,0.1468193531036377,0.0586911439895629,0.064961292775112,3.0,0,4.130769063612326
controls.high_arousal.p3.g1,controls,high_arousal,high energy upbeat party music,1,musicgen-small,-16.917850638633144,1.0,5.706294092695835,5.601051010573127,7.584668545970734,135.99917763157896,7.748830995323981,0.1051333844661712,0.0370755232870578,0.1754834060974685,3.0,0,6.117712723572001
controls.high_arousal.p3.g3,controls,high_arousal,high energy upbeat party music,3,musicgen-small,-12.48270991297178,1.0,5.547983655465392,6.517716344954206,7.941505518426531,135.99917763157896,5.177020708082832,0.259930819272995,0.039069939404726,0.1075012639746601,3.0,0,5.769588537314796
controls.high_arousal.p4.g1,controls,high_arousal,fast exciting drum heavy music to get pumped up,1,musicgen-small,-16.63267180469544,1.0,4.291530544502861,3.9673722972839065,3.721701043047112,161.4990234375,2.839011356045424,0.1688945144414901,0.0460181087255477,0.0523975541639379,3.0,0,4.087949526327652
controls.high_arousal.p4.g3,controls,high_arousal,fast exciting drum heavy music to get pumped up,3,musicgen-small,-14.41805302045317,1.0,4.697343518773742,5.859883285971357,5.859403349021999,112.34714673913044,2.5384101536406143,0.183194100856781,0.0438868477940559,0.2157634854904917,3.0,0,4.858005036075594
controls.high_arousal.p5.g1,controls,high_arousal,adrenaline pumping racing game music,1,musicgen-small,-14.007501682569488,1.0,6.182038446478746,6.463577623324781,8.272578147446382,143.5546875,7.51503006012024,0.2060482054948806,0.0512780882418155,0.1773262992575723,3.0,0,6.431978346028944
controls.high_arousal.p5.g3,controls,high_arousal,adrenaline pumping racing game music,3,musicgen-small,-16.45690412194656,0.911590576171875,6.125865461367631,6.206015522898358,7.636215731670619,123.046875,6.8215872495229,0.1630587875843048,0.0485075898468494,0.0890053911806429,3.0,0,6.4662982454439275
controls.high_arousal.p6.g1,controls,high_arousal,loud powerful rock music with heavy drums,1,musicgen-small,-9.522479982094556,1.0,5.752335343746185,6.337859140192866,7.067570682665222,135.99917763157896,4.342017368069472,0.3603727519512176,0.0321178287267684,0.1387662523690749,3.0,0,5.66845146430922
controls.high_arousal.p6.g3,controls,high_arousal,loud powerful rock music with heavy drums,3,musicgen-small,-11.564541829780232,1.0,5.407172890560151,6.451656332734816,5.530652817129203,123.046875,3.106212424849699,0.295735627412796,0.0300602577626705,0.1250955537731336,3.0,0,5.656549324256315
controls.high_arousal.p7.g1,controls,high_arousal,explosive festival EDM with hard drops,1,musicgen-small,-11.581029216240614,1.0,5.162774227542076,6.508187701271557,7.145212232435258,129.19921875,4.843019372077488,0.3971601128578186,0.0466384291648864,0.0556458665737304,3.0,0,5.171802900491098
controls.high_arousal.p7.g3,controls,high_arousal,explosive festival EDM with hard drops,3,musicgen-small,-13.253846162382652,1.0,5.627195157109742,6.156731946408334,5.827236926935568,129.19921875,4.108216432865731,0.1782329678535461,0.0401568934321403,0.0461349908019181,3.0,0,6.017404812896215
controls.high_arousal.p8.g1,controls,high_arousal,urgent intense chase scene music,1,musicgen-small,-16.66269869008539,1.0,5.899187800365255,6.366882273017031,8.665170843859336,123.046875,6.913827655310621,0.1475205719470977,0.0386281087994575,0.1938995944075492,3.0,0,5.667975621354892
controls.high_arousal.p8.g3,controls,high_arousal,urgent intense chase scene music,3,musicgen-small,-28.37925069491884,0.58563232421875,3.8318163012008135,3.673755975755892,5.056828337161517,112.34714673913044,8.01669034090909,0.0311119779944419,0.0819214954972267,0.1907516975797652,3.0,0,3.5743585952789267
controls.high_arousal.p9.g1,controls,high_arousal,thunderous battle music with pounding percussion,1,musicgen-small,-25.49185540815148,0.42767333984375,2.635783993605612,3.0071666305179883,4.115110330456309,143.5546875,3.9746158984635938,0.0952645316720008,0.089774414896965,0.067531055520976,3.0,0,2.879227949171779
controls.high_arousal.p9.g3,controls,high_arousal,thunderous battle music with pounding percussion,3,musicgen-small,-19.3628481436576,0.555023193359375,5.769701310667458,5.398027304519171,6.606069831765034,92.28515625,6.312625250501002,0.125113695859909,0.0310318134725093,0.0811776154702878,3.0,0,6.001321739681498
