participant,item,planner,s0,question,rating_1to7,valid
P01,t01,jump,7.38,endpoint_calm,5.0,True
P01,t01,jump,7.38,smoothness,5.0,True
P01,t01,jump,7.38,start_match,2.0,True
P01,t01,jump,7.38,overall_traj,5.0,True
P01,t22,jump,7.96,endpoint_calm,5.0,True
P01,t22,jump,7.96,smoothness,5.0,True
P01,t22,jump,7.96,start_match,2.0,True
P01,t22,jump,7.96,overall_traj,5.0,True
P01,t23,rule,7.96,endpoint_calm,5.0,True
P01,t23,rule,7.96,smoothness,2.0,True
P01,t23,rule,7.96,start_match,6.0,True
P01,t23,rule,7.96,overall_traj,3.0,True
P01,t20,rule,5.52,endpoint_calm,5.0,True
P01,t20,rule,5.52,smoothness,4.0,True
P01,t20,rule,5.52,start_match,6.0,True
P01,t20,rule,5.52,overall_traj,4.0,True
P01,t09,rule+BoN,7.83,endpoint_calm,5.0,True
P01,t09,rule+BoN,7.83,smoothness,3.0,True
P01,t09,rule+BoN,7.83,start_match,6.0,True
P01,t09,rule+BoN,7.83,overall_traj,3.0,True
P01,t13,jump,6.4,endpoint_calm,6.0,True
P01,t13,jump,6.4,smoothness,6.0,True
P01,t13,jump,6.4,start_match,3.0,True
P01,t13,jump,6.4,overall_traj,6.0,True
P01,t05,rule,8.19,endpoint_calm,5.0,True
P01,t05,rule,8.19,smoothness,4.0,True
P01,t05,rule,8.19,start_match,7.0,True
P01,t05,rule,8.19,overall_traj,3.0,True
P01,t18,rule+BoN,8.12,endpoint_calm,5.0,True
P01,t18,rule+BoN,8.12,smoothness,3.0,True
P01,t18,rule+BoN,8.12,start_match,7.0,True
P01,t18,rule+BoN,8.12,overall_traj,4.0,True
P01,t12,rule+BoN,6.18,endpoint_calm,5.0,True
P01,t12,rule+BoN,6.18,smoothness,1.0,True
P01,t12,rule+BoN,6.18,start_match,5.0,True
P01,t12,rule+BoN,6.18,overall_traj,2.0,True
P02,t01,jump,7.38,endpoint_calm,6.0,True
P02,t01,jump,7.38,smoothness,4.0,True
P02,t01,jump,7.38,start_match,1.0,True
P02,t01,jump,7.38,overall_traj,5.0,True
P02,t03,rule+BoN,7.38,endpoint_calm,6.0,True
P02,t03,rule+BoN,7.38,smoothness,1.0,True
P02,t03,rule+BoN,7.38,start_match,6.0,True
P02,t03,rule+BoN,7.38,overall_traj,6.0,True
P02,t05,rule,8.19,endpoint_calm,5.0,True
P02,t05,rule,8.19,smoothness,3.0,True
P02,t05,rule,8.19,start_match,7.0,True
P02,t05,rule,8.19,overall_traj,5.0,True
P02,t22,jump,7.96,endpoint_calm,6.0,True
P02,t22,jump,7.96,smoothness,5.0,True
P02,t22,jump,7.96,start_match,1.0,True
P02,t22,jump,7.96,overall_traj,5.0,True
P02,t08,rule,7.83,endpoint_calm,6.0,True
P02,t08,rule,7.83,smoothness,3.0,True
P02,t08,rule,7.83,start_match,6.0,True
P02,t08,rule,7.83,overall_traj,5.0,True
P02,t10,jump,6.18,endpoint_calm,3.0,True
P02,t10,jump,6.18,smoothness,6.0,True
P02,t10,jump,6.18,start_match,2.0,True
P02,t10,jump,6.18,overall_traj,2.0,True
P02,t09,rule+BoN,7.83,endpoint_calm,6.0,True
P02,t09,rule+BoN,7.83,smoothness,3.0,True
P02,t09,rule+BoN,7.83,start_match,6.0,True
P02,t09,rule+BoN,7.83,overall_traj,5.0,True
P02,t02,rule,7.38,endpoint_calm,3.0,True
P02,t02,rule,7.38,smoothness,1.0,True
P02,t02,rule,7.38,start_match,6.0,True
P02,t02,rule,7.38,overall_traj,5.0,True
P02,t18,rule+BoN,8.12,endpoint_calm,6.0,True
P02,t18,rule+BoN,8.12,smoothness,2.0,True
P02,t18,rule+BoN,8.12,start_match,7.0,True
P02,t18,rule+BoN,8.12,overall_traj,6.0,True
P03,t17,rule,8.12,endpoint_calm,6.0,True
P03,t17,rule,8.12,smoothness,2.0,True
P03,t17,rule,8.12,start_match,7.0,True
P03,t17,rule,8.12,overall_traj,6.0,True
P03,t11,rule,6.18,endpoint_calm,4.0,True
P03,t11,rule,6.18,smoothness,1.0,True
P03,t11,rule,6.18,start_match,3.0,True
P03,t11,rule,6.18,overall_traj,3.0,True
P03,t23,rule,7.96,endpoint_calm,5.0,True
P03,t23,rule,7.96,smoothness,6.0,True
P03,t23,rule,7.96,start_match,6.0,True
P03,t23,rule,7.96,overall_traj,5.0,True
P03,t01,jump,7.38,endpoint_calm,7.0,True
P03,t01,jump,7.38,smoothness,7.0,True
P03,t01,jump,7.38,start_match,1.0,True
P03,t01,jump,7.38,overall_traj,7.0,True
P03,t07,jump,7.83,endpoint_calm,6.0,True
P03,t07,jump,7.83,smoothness,7.0,True
P03,t07,jump,7.83,start_match,2.0,True
P03,t07,jump,7.83,overall_traj,6.0,True
P03,t12,rule+BoN,6.18,endpoint_calm,3.0,True
P03,t12,rule+BoN,6.18,smoothness,3.0,True
P03,t12,rule+BoN,6.18,start_match,5.0,True
P03,t12,rule+BoN,6.18,overall_traj,2.0,True
P03,t03,rule+BoN,7.38,endpoint_calm,2.0,True
P03,t03,rule+BoN,7.38,smoothness,4.0,True
P03,t03,rule+BoN,7.38,start_match,6.0,True
P03,t03,rule+BoN,7.38,overall_traj,2.0,True
P03,t13,jump,6.4,endpoint_calm,7.0,True
P03,t13,jump,6.4,smoothness,7.0,True
P03,t13,jump,6.4,start_match,1.0,True
P03,t13,jump,6.4,overall_traj,7.0,True
P03,t06,rule+BoN,8.19,endpoint_calm,5.0,True
P03,t06,rule+BoN,8.19,smoothness,1.0,True
P03,t06,rule+BoN,8.19,start_match,7.0,True
P03,t06,rule+BoN,8.19,overall_traj,5.0,True
P04,t11,rule,6.18,endpoint_calm,6.0,True
P04,t11,rule,6.18,smoothness,7.0,True
P04,t11,rule,6.18,start_match,5.0,True
P04,t11,rule,6.18,overall_traj,6.0,True
P04,t20,rule,5.52,endpoint_calm,7.0,True
P04,t20,rule,5.52,smoothness,6.0,True
P04,t20,rule,5.52,start_match,5.0,True
P04,t20,rule,5.52,overall_traj,5.0,True
P04,t07,jump,7.83,endpoint_calm,7.0,True
P04,t07,jump,7.83,smoothness,7.0,True
P04,t07,jump,7.83,start_match,5.0,True
P04,t07,jump,7.83,overall_traj,5.0,True
P04,t10,jump,6.18,endpoint_calm,6.0,True
P04,t10,jump,6.18,smoothness,6.0,True
P04,t10,jump,6.18,start_match,6.0,True
P04,t10,jump,6.18,overall_traj,7.0,True
P04,t12,rule+BoN,6.18,endpoint_calm,5.0,True
P04,t12,rule+BoN,6.18,smoothness,2.0,True
P04,t12,rule+BoN,6.18,start_match,3.0,True
P04,t12,rule+BoN,6.18,overall_traj,4.0,True
P04,t08,rule,7.83,endpoint_calm,5.0,True
P04,t08,rule,7.83,smoothness,3.0,True
P04,t08,rule,7.83,start_match,3.0,True
P04,t08,rule,7.83,overall_traj,3.0,True
P04,t13,jump,6.4,endpoint_calm,6.0,True
P04,t13,jump,6.4,smoothness,6.0,True
P04,t13,jump,6.4,start_match,7.0,True
P04,t13,jump,6.4,overall_traj,7.0,True
P04,t03,rule+BoN,7.38,endpoint_calm,5.0,True
P04,t03,rule+BoN,7.38,smoothness,3.0,True
P04,t03,rule+BoN,7.38,start_match,2.0,True
P04,t03,rule+BoN,7.38,overall_traj,3.0,True
P04,t09,rule+BoN,7.83,endpoint_calm,6.0,True
P04,t09,rule+BoN,7.83,smoothness,2.0,True
P04,t09,rule+BoN,7.83,start_match,1.0,True
P04,t09,rule+BoN,7.83,overall_traj,2.0,True
P05,t12,rule+BoN,6.18,endpoint_calm,7.0,True
P05,t12,rule+BoN,6.18,smoothness,3.0,True
P05,t12,rule+BoN,6.18,start_match,7.0,True
P05,t12,rule+BoN,6.18,overall_traj,6.0,True
P05,t10,jump,6.18,endpoint_calm,2.0,True
P05,t10,jump,6.18,smoothness,6.0,True
P05,t10,jump,6.18,start_match,2.0,True
P05,t10,jump,6.18,overall_traj,5.0,True
P05,t23,rule,7.96,endpoint_calm,7.0,True
P05,t23,rule,7.96,smoothness,1.0,True
P05,t23,rule,7.96,start_match,1.0,True
P05,t23,rule,7.96,overall_traj,5.0,True
P05,t21,rule+BoN,5.52,endpoint_calm,2.0,True
P05,t21,rule+BoN,5.52,smoothness,5.0,True
P05,t21,rule+BoN,5.52,start_match,6.0,True
P05,t21,rule+BoN,5.52,overall_traj,6.0,True
P05,t01,jump,7.38,endpoint_calm,2.0,True
P05,t01,jump,7.38,smoothness,6.0,True
P05,t01,jump,7.38,start_match,5.0,True
P05,t01,jump,7.38,overall_traj,5.0,True
P05,t04,jump,8.19,endpoint_calm,2.0,True
P05,t04,jump,8.19,smoothness,5.0,True
P05,t04,jump,8.19,start_match,7.0,True
P05,t04,jump,8.19,overall_traj,7.0,True
P05,t02,rule,7.38,endpoint_calm,7.0,True
P05,t02,rule,7.38,smoothness,1.0,True
P05,t02,rule,7.38,start_match,2.0,True
P05,t02,rule,7.38,overall_traj,2.0,True
P05,t20,rule,5.52,endpoint_calm,5.0,True
P05,t20,rule,5.52,smoothness,2.0,True
P05,t20,rule,5.52,start_match,5.0,True
P05,t20,rule,5.52,overall_traj,4.0,True
P05,t06,rule+BoN,8.19,endpoint_calm,1.0,True
P05,t06,rule+BoN,8.19,smoothness,1.0,True
P05,t06,rule+BoN,8.19,start_match,2.0,True
P05,t06,rule+BoN,8.19,overall_traj,2.0,True
P06,t03,rule+BoN,7.38,endpoint_calm,6.0,True
P06,t03,rule+BoN,7.38,smoothness,6.0,True
P06,t03,rule+BoN,7.38,start_match,5.0,True
P06,t03,rule+BoN,7.38,overall_traj,6.0,True
P06,t21,rule+BoN,5.52,endpoint_calm,7.0,True
P06,t21,rule+BoN,5.52,smoothness,6.0,True
P06,t21,rule+BoN,5.52,start_match,6.0,True
P06,t21,rule+BoN,5.52,overall_traj,7.0,True
P06,t10,jump,6.18,endpoint_calm,6.0,True
P06,t10,jump,6.18,smoothness,7.0,True
P06,t10,jump,6.18,start_match,7.0,True
P06,t10,jump,6.18,overall_traj,7.0,True
P06,t23,rule,7.96,endpoint_calm,6.0,True
P06,t23,rule,7.96,smoothness,5.0,True
P06,t23,rule,7.96,start_match,8.0,False
P06,t23,rule,7.96,overall_traj,6.0,True
P06,t04,jump,8.19,endpoint_calm,6.0,True
P06,t04,jump,8.19,smoothness,7.0,True
P06,t04,jump,8.19,start_match,6.0,True
P06,t04,jump,8.19,overall_traj,6.0,True
P06,t14,rule,6.4,endpoint_calm,6.0,True
P06,t14,rule,6.4,smoothness,3.0,True
P06,t14,rule,6.4,start_match,6.0,True
P06,t14,rule,6.4,overall_traj,6.0,True
P06,t02,rule,7.38,endpoint_calm,5.0,True
P06,t02,rule,7.38,smoothness,5.0,True
P06,t02,rule,7.38,start_match,6.0,True
P06,t02,rule,7.38,overall_traj,7.0,True
P06,t19,jump,5.52,endpoint_calm,7.0,True
P06,t19,jump,5.52,smoothness,7.0,True
P06,t19,jump,5.52,start_match,5.0,True
P06,t19,jump,5.52,overall_traj,6.0,True
P06,t24,rule+BoN,7.96,endpoint_calm,6.0,True
P06,t24,rule+BoN,7.96,smoothness,6.0,True
P06,t24,rule+BoN,7.96,start_match,7.0,True
P06,t24,rule+BoN,7.96,overall_traj,7.0,True
P07,t11,rule,6.18,endpoint_calm,5.0,True
P07,t11,rule,6.18,smoothness,1.0,True
P07,t11,rule,6.18,start_match,7.0,True
P07,t11,rule,6.18,overall_traj,4.0,True
P07,t06,rule+BoN,8.19,endpoint_calm,1.0,True
P07,t06,rule+BoN,8.19,smoothness,3.0,True
P07,t06,rule+BoN,8.19,start_match,6.0,True
P07,t06,rule+BoN,8.19,overall_traj,3.0,True
P07,t21,rule+BoN,5.52,endpoint_calm,2.0,True
P07,t21,rule+BoN,5.52,smoothness,5.0,True
P07,t21,rule+BoN,5.52,start_match,2.0,True
P07,t21,rule+BoN,5.52,overall_traj,6.0,True
P07,t07,jump,7.83,endpoint_calm,7.0,True
P07,t07,jump,7.83,smoothness,7.0,True
P07,t07,jump,7.83,start_match,6.0,True
P07,t07,jump,7.83,overall_traj,7.0,True
P07,t09,rule+BoN,7.83,endpoint_calm,2.0,True
P07,t09,rule+BoN,7.83,smoothness,1.0,True
P07,t09,rule+BoN,7.83,start_match,3.0,True
P07,t09,rule+BoN,7.83,overall_traj,2.0,True
P07,t17,rule,8.12,endpoint_calm,3.0,True
P07,t17,rule,8.12,smoothness,3.0,True
P07,t17,rule,8.12,start_match,2.0,True
P07,t17,rule,8.12,overall_traj,2.0,True
P07,t16,jump,8.12,endpoint_calm,5.0,True
P07,t16,jump,8.12,smoothness,7.0,True
P07,t16,jump,8.12,start_match,7.0,True
P07,t16,jump,8.12,overall_traj,6.0,True
P07,t05,rule,8.19,endpoint_calm,3.0,True
P07,t05,rule,8.19,smoothness,1.0,True
P07,t05,rule,8.19,start_match,2.0,True
P07,t05,rule,8.19,overall_traj,1.0,True
P07,t10,jump,6.18,endpoint_calm,6.0,True
P07,t10,jump,6.18,smoothness,7.0,True
P07,t10,jump,6.18,start_match,6.0,True
P07,t10,jump,6.18,overall_traj,7.0,True
P08,t07,jump,7.83,endpoint_calm,6.0,True
P08,t07,jump,7.83,smoothness,6.0,True
P08,t07,jump,7.83,start_match,2.0,True
P08,t07,jump,7.83,overall_traj,7.0,True
P08,t02,rule,7.38,endpoint_calm,1.0,True
P08,t02,rule,7.38,smoothness,2.0,True
P08,t02,rule,7.38,start_match,6.0,True
P08,t02,rule,7.38,overall_traj,5.0,True
P08,t09,rule+BoN,7.83,endpoint_calm,1.0,True
P08,t09,rule+BoN,7.83,smoothness,1.0,True
P08,t09,rule+BoN,7.83,start_match,6.0,True
P08,t09,rule+BoN,7.83,overall_traj,3.0,True
P08,t14,rule,6.4,endpoint_calm,2.0,True
P08,t14,rule,6.4,smoothness,2.0,True
P08,t14,rule,6.4,start_match,5.0,True
P08,t14,rule,6.4,overall_traj,5.0,True
P08,t08,rule,7.83,endpoint_calm,2.0,True
P08,t08,rule,7.83,smoothness,2.0,True
P08,t08,rule,7.83,start_match,4.0,True
P08,t08,rule,7.83,overall_traj,5.0,True
P08,t03,rule+BoN,7.38,endpoint_calm,2.0,True
P08,t03,rule+BoN,7.38,smoothness,3.0,True
P08,t03,rule+BoN,7.38,start_match,5.0,True
P08,t03,rule+BoN,7.38,overall_traj,6.0,True
P08,t04,jump,8.19,endpoint_calm,6.0,True
P08,t04,jump,8.19,smoothness,6.0,True
P08,t04,jump,8.19,start_match,6.0,True
P08,t04,jump,8.19,overall_traj,6.0,True
P08,t12,rule+BoN,6.18,endpoint_calm,2.0,True
P08,t12,rule+BoN,6.18,smoothness,4.0,True
P08,t12,rule+BoN,6.18,start_match,4.0,True
P08,t12,rule+BoN,6.18,overall_traj,5.0,True
P08,t22,jump,7.96,endpoint_calm,5.0,True
P08,t22,jump,7.96,smoothness,6.0,True
P08,t22,jump,7.96,start_match,6.0,True
P08,t22,jump,7.96,overall_traj,6.0,True
P09,t05,rule,8.19,endpoint_calm,6.0,True
P09,t05,rule,8.19,smoothness,3.0,True
P09,t05,rule,8.19,start_match,6.0,True
P09,t05,rule,8.19,overall_traj,4.0,True
P09,t12,rule+BoN,6.18,endpoint_calm,7.0,True
P09,t12,rule+BoN,6.18,smoothness,3.0,True
P09,t12,rule+BoN,6.18,start_match,6.0,True
P09,t12,rule+BoN,6.18,overall_traj,3.0,True
P09,t11,rule,6.18,endpoint_calm,5.0,True
P09,t11,rule,6.18,smoothness,5.0,True
P09,t11,rule,6.18,start_match,6.0,True
P09,t11,rule,6.18,overall_traj,5.0,True
P09,t02,rule,7.38,endpoint_calm,6.0,True
P09,t02,rule,7.38,smoothness,3.0,True
P09,t02,rule,7.38,start_match,6.0,True
P09,t02,rule,7.38,overall_traj,4.0,True
P09,t04,jump,8.19,endpoint_calm,7.0,True
P09,t04,jump,8.19,smoothness,7.0,True
P09,t04,jump,8.19,start_match,3.0,True
P09,t04,jump,8.19,overall_traj,6.0,True
P09,t01,jump,7.38,endpoint_calm,6.0,True
P09,t01,jump,7.38,smoothness,7.0,True
P09,t01,jump,7.38,start_match,3.0,True
P09,t01,jump,7.38,overall_traj,6.0,True
P09,t24,rule+BoN,7.96,endpoint_calm,5.0,True
P09,t24,rule+BoN,7.96,smoothness,5.0,True
P09,t24,rule+BoN,7.96,start_match,6.0,True
P09,t24,rule+BoN,7.96,overall_traj,5.0,True
P09,t18,rule+BoN,8.12,endpoint_calm,6.0,True
P09,t18,rule+BoN,8.12,smoothness,4.0,True
P09,t18,rule+BoN,8.12,start_match,6.0,True
P09,t18,rule+BoN,8.12,overall_traj,5.0,True
P09,t07,jump,7.83,endpoint_calm,4.0,True
P09,t07,jump,7.83,smoothness,6.0,True
P09,t07,jump,7.83,start_match,3.0,True
P09,t07,jump,7.83,overall_traj,5.0,True
P10,t04,jump,8.19,endpoint_calm,2.0,True
P10,t04,jump,8.19,smoothness,3.0,True
P10,t04,jump,8.19,start_match,7.0,True
P10,t04,jump,8.19,overall_traj,3.0,True
P10,t14,rule,6.4,endpoint_calm,1.0,True
P10,t14,rule,6.4,smoothness,3.0,True
P10,t14,rule,6.4,start_match,8.0,False
P10,t14,rule,6.4,overall_traj,2.0,True
P10,t20,rule,5.52,endpoint_calm,,False
P10,t20,rule,5.52,smoothness,,False
P10,t20,rule,5.52,start_match,,False
P10,t20,rule,5.52,overall_traj,,False
P10,t16,jump,8.12,endpoint_calm,6.0,True
P10,t16,jump,8.12,smoothness,7.0,True
P10,t16,jump,8.12,start_match,2.0,True
P10,t16,jump,8.12,overall_traj,7.0,True
P10,t10,jump,6.18,endpoint_calm,6.0,True
P10,t10,jump,6.18,smoothness,7.0,True
P10,t10,jump,6.18,start_match,2.0,True
P10,t10,jump,6.18,overall_traj,7.0,True
P10,t21,rule+BoN,5.52,endpoint_calm,6.0,True
P10,t21,rule+BoN,5.52,smoothness,1.0,True
P10,t21,rule+BoN,5.52,start_match,1.0,True
P10,t21,rule+BoN,5.52,overall_traj,3.0,True
P10,t15,rule+BoN,6.4,endpoint_calm,7.0,True
P10,t15,rule+BoN,6.4,smoothness,1.0,True
P10,t15,rule+BoN,6.4,start_match,1.0,True
P10,t15,rule+BoN,6.4,overall_traj,1.0,True
P10,t09,rule+BoN,7.83,endpoint_calm,5.0,True
P10,t09,rule+BoN,7.83,smoothness,2.0,True
P10,t09,rule+BoN,7.83,start_match,5.0,True
P10,t09,rule+BoN,7.83,overall_traj,1.0,True
P10,t11,rule,6.18,endpoint_calm,7.0,True
P10,t11,rule,6.18,smoothness,2.0,True
P10,t11,rule,6.18,start_match,3.0,True
P10,t11,rule,6.18,overall_traj,2.0,True
P11,t07,jump,7.83,endpoint_calm,3.0,True
P11,t07,jump,7.83,smoothness,4.0,True
P11,t07,jump,7.83,start_match,2.0,True
P11,t07,jump,7.83,overall_traj,4.0,True
P11,t19,jump,5.52,endpoint_calm,4.0,True
P11,t19,jump,5.52,smoothness,5.0,True
P11,t19,jump,5.52,start_match,7.0,True
P11,t19,jump,5.52,overall_traj,4.0,True
P11,t17,rule,8.12,endpoint_calm,1.0,True
P11,t17,rule,8.12,smoothness,2.0,True
P11,t17,rule,8.12,start_match,6.0,True
P11,t17,rule,8.12,overall_traj,3.0,True
P11,t10,jump,6.18,endpoint_calm,2.0,True
P11,t10,jump,6.18,smoothness,6.0,True
P11,t10,jump,6.18,start_match,4.0,True
P11,t10,jump,6.18,overall_traj,3.0,True
P11,t23,rule,7.96,endpoint_calm,1.0,True
P11,t23,rule,7.96,smoothness,1.0,True
P11,t23,rule,7.96,start_match,7.0,True
P11,t23,rule,7.96,overall_traj,1.0,True
P11,t06,rule+BoN,8.19,endpoint_calm,1.0,True
P11,t06,rule+BoN,8.19,smoothness,6.0,True
P11,t06,rule+BoN,8.19,start_match,7.0,True
P11,t06,rule+BoN,8.19,overall_traj,3.0,True
P11,t09,rule+BoN,7.83,endpoint_calm,1.0,True
P11,t09,rule+BoN,7.83,smoothness,6.0,True
P11,t09,rule+BoN,7.83,start_match,8.0,False
P11,t09,rule+BoN,7.83,overall_traj,2.0,True
P11,t12,rule+BoN,6.18,endpoint_calm,6.0,True
P11,t12,rule+BoN,6.18,smoothness,5.0,True
P11,t12,rule+BoN,6.18,start_match,7.0,True
P11,t12,rule+BoN,6.18,overall_traj,3.0,True
P11,t08,rule,7.83,endpoint_calm,6.0,True
P11,t08,rule,7.83,smoothness,3.0,True
P11,t08,rule,7.83,start_match,7.0,True
P11,t08,rule,7.83,overall_traj,2.0,True
P12,t23,rule,7.96,endpoint_calm,6.0,True
P12,t23,rule,7.96,smoothness,7.0,True
P12,t23,rule,7.96,start_match,6.0,True
P12,t23,rule,7.96,overall_traj,7.0,True
P12,t01,jump,7.38,endpoint_calm,7.0,True
P12,t01,jump,7.38,smoothness,7.0,True
P12,t01,jump,7.38,start_match,3.0,True
P12,t01,jump,7.38,overall_traj,6.0,True
P12,t04,jump,8.19,endpoint_calm,7.0,True
P12,t04,jump,8.19,smoothness,7.0,True
P12,t04,jump,8.19,start_match,5.0,True
P12,t04,jump,8.19,overall_traj,7.0,True
P12,t07,jump,7.83,endpoint_calm,7.0,True
P12,t07,jump,7.83,smoothness,5.0,True
P12,t07,jump,7.83,start_match,5.0,True
P12,t07,jump,7.83,overall_traj,6.0,True
P12,t14,rule,6.4,endpoint_calm,2.0,True
P12,t14,rule,6.4,smoothness,5.0,True
P12,t14,rule,6.4,start_match,5.0,True
P12,t14,rule,6.4,overall_traj,4.0,True
P12,t24,rule+BoN,7.96,endpoint_calm,2.0,True
P12,t24,rule+BoN,7.96,smoothness,2.0,True
P12,t24,rule+BoN,7.96,start_match,3.0,True
P12,t24,rule+BoN,7.96,overall_traj,6.0,True
P12,t15,rule+BoN,6.4,endpoint_calm,3.0,True
P12,t15,rule+BoN,6.4,smoothness,7.0,True
P12,t15,rule+BoN,6.4,start_match,6.0,True
P12,t15,rule+BoN,6.4,overall_traj,7.0,True
P12,t08,rule,7.83,endpoint_calm,3.0,True
P12,t08,rule,7.83,smoothness,6.0,True
P12,t08,rule,7.83,start_match,7.0,True
P12,t08,rule,7.83,overall_traj,5.0,True
P12,t18,rule+BoN,8.12,endpoint_calm,2.0,True
P12,t18,rule+BoN,8.12,smoothness,4.0,True
P12,t18,rule+BoN,8.12,start_match,5.0,True
P12,t18,rule+BoN,8.12,overall_traj,3.0,True
P13,t18,rule+BoN,8.12,endpoint_calm,1.0,True
P13,t18,rule+BoN,8.12,smoothness,3.0,True
P13,t18,rule+BoN,8.12,start_match,7.0,True
P13,t18,rule+BoN,8.12,overall_traj,5.0,True
P13,t12,rule+BoN,6.18,endpoint_calm,2.0,True
P13,t12,rule+BoN,6.18,smoothness,4.0,True
P13,t12,rule+BoN,6.18,start_match,5.0,True
P13,t12,rule+BoN,6.18,overall_traj,3.0,True
P13,t13,jump,6.4,endpoint_calm,6.0,True
P13,t13,jump,6.4,smoothness,7.0,True
P13,t13,jump,6.4,start_match,3.0,True
P13,t13,jump,6.4,overall_traj,6.0,True
P13,t04,jump,8.19,endpoint_calm,6.0,True
P13,t04,jump,8.19,smoothness,6.0,True
P13,t04,jump,8.19,start_match,2.0,True
P13,t04,jump,8.19,overall_traj,5.0,True
P13,t07,jump,7.83,endpoint_calm,3.0,True
P13,t07,jump,7.83,smoothness,6.0,True
P13,t07,jump,7.83,start_match,3.0,True
P13,t07,jump,7.83,overall_traj,5.0,True
P13,t02,rule,7.38,endpoint_calm,5.0,True
P13,t02,rule,7.38,smoothness,3.0,True
P13,t02,rule,7.38,start_match,3.0,True
P13,t02,rule,7.38,overall_traj,4.0,True
P13,t23,rule,7.96,endpoint_calm,2.0,True
P13,t23,rule,7.96,smoothness,3.0,True
P13,t23,rule,7.96,start_match,6.0,True
P13,t23,rule,7.96,overall_traj,3.0,True
P13,t20,rule,5.52,endpoint_calm,6.0,True
P13,t20,rule,5.52,smoothness,3.0,True
P13,t20,rule,5.52,start_match,5.0,True
P13,t20,rule,5.52,overall_traj,4.0,True
P13,t21,rule+BoN,5.52,endpoint_calm,3.0,True
P13,t21,rule+BoN,5.52,smoothness,3.0,True
P13,t21,rule+BoN,5.52,start_match,4.0,True
P13,t21,rule+BoN,5.52,overall_traj,5.0,True
P14,t13,jump,6.4,endpoint_calm,7.0,True
P14,t13,jump,6.4,smoothness,6.0,True
P14,t13,jump,6.4,start_match,5.0,True
P14,t13,jump,6.4,overall_traj,6.0,True
P14,t12,rule+BoN,6.18,endpoint_calm,5.0,True
P14,t12,rule+BoN,6.18,smoothness,3.0,True
P14,t12,rule+BoN,6.18,start_match,5.0,True
P14,t12,rule+BoN,6.18,overall_traj,4.0,True
P14,t24,rule+BoN,7.96,endpoint_calm,4.0,True
P14,t24,rule+BoN,7.96,smoothness,3.0,True
P14,t24,rule+BoN,7.96,start_match,4.0,True
P14,t24,rule+BoN,7.96,overall_traj,5.0,True
P14,t23,rule,7.96,endpoint_calm,5.0,True
P14,t23,rule,7.96,smoothness,3.0,True
P14,t23,rule,7.96,start_match,6.0,True
P14,t23,rule,7.96,overall_traj,4.0,True
P14,t05,rule,8.19,endpoint_calm,5.0,True
P14,t05,rule,8.19,smoothness,4.0,True
P14,t05,rule,8.19,start_match,7.0,True
P14,t05,rule,8.19,overall_traj,4.0,True
P14,t22,jump,7.96,endpoint_calm,6.0,True
P14,t22,jump,7.96,smoothness,6.0,True
P14,t22,jump,7.96,start_match,2.0,True
P14,t22,jump,7.96,overall_traj,5.0,True
P14,t21,rule+BoN,5.52,endpoint_calm,5.0,True
P14,t21,rule+BoN,5.52,smoothness,4.0,True
P14,t21,rule+BoN,5.52,start_match,3.0,True
P14,t21,rule+BoN,5.52,overall_traj,5.0,True
P14,t10,jump,6.18,endpoint_calm,6.0,True
P14,t10,jump,6.18,smoothness,6.0,True
P14,t10,jump,6.18,start_match,2.0,True
P14,t10,jump,6.18,overall_traj,6.0,True
P14,t08,rule,7.83,endpoint_calm,5.0,True
P14,t08,rule,7.83,smoothness,4.0,True
P14,t08,rule,7.83,start_match,2.0,True
P14,t08,rule,7.83,overall_traj,4.0,True
P15,t10,jump,6.18,endpoint_calm,5.0,True
P15,t10,jump,6.18,smoothness,6.0,True
P15,t10,jump,6.18,start_match,4.0,True
P15,t10,jump,6.18,overall_traj,5.0,True
P15,t14,rule,6.4,endpoint_calm,1.0,True
P15,t14,rule,6.4,smoothness,2.0,True
P15,t14,rule,6.4,start_match,6.0,True
P15,t14,rule,6.4,overall_traj,6.0,True
P15,t22,jump,7.96,endpoint_calm,7.0,True
P15,t22,jump,7.96,smoothness,6.0,True
P15,t22,jump,7.96,start_match,2.0,True
P15,t22,jump,7.96,overall_traj,1.0,True
P15,t20,rule,5.52,endpoint_calm,5.0,True
P15,t20,rule,5.52,smoothness,5.0,True
P15,t20,rule,5.52,start_match,6.0,True
P15,t20,rule,5.52,overall_traj,5.0,True
P15,t08,rule,7.83,endpoint_calm,7.0,True
P15,t08,rule,7.83,smoothness,6.0,True
P15,t08,rule,7.83,start_match,5.0,True
P15,t08,rule,7.83,overall_traj,5.0,True
P15,t04,jump,8.19,endpoint_calm,5.0,True
P15,t04,jump,8.19,smoothness,6.0,True
P15,t04,jump,8.19,start_match,1.0,True
P15,t04,jump,8.19,overall_traj,2.0,True
P15,t12,rule+BoN,6.18,endpoint_calm,5.0,True
P15,t12,rule+BoN,6.18,smoothness,3.0,True
P15,t12,rule+BoN,6.18,start_match,6.0,True
P15,t12,rule+BoN,6.18,overall_traj,3.0,True
P15,t06,rule+BoN,8.19,endpoint_calm,6.0,True
P15,t06,rule+BoN,8.19,smoothness,5.0,True
P15,t06,rule+BoN,8.19,start_match,6.0,True
P15,t06,rule+BoN,8.19,overall_traj,6.0,True
P15,t15,rule+BoN,6.4,endpoint_calm,6.0,True
P15,t15,rule+BoN,6.4,smoothness,6.0,True
P15,t15,rule+BoN,6.4,start_match,7.0,True
P15,t15,rule+BoN,6.4,overall_traj,6.0,True
P16,t13,jump,6.4,endpoint_calm,5.0,True
P16,t13,jump,6.4,smoothness,5.0,True
P16,t13,jump,6.4,start_match,6.0,True
P16,t13,jump,6.4,overall_traj,6.0,True
P16,t11,rule,6.18,endpoint_calm,6.0,True
P16,t11,rule,6.18,smoothness,3.0,True
P16,t11,rule,6.18,start_match,4.0,True
P16,t11,rule,6.18,overall_traj,3.0,True
P16,t16,jump,8.12,endpoint_calm,7.0,True
P16,t16,jump,8.12,smoothness,6.0,True
P16,t16,jump,8.12,start_match,6.0,True
P16,t16,jump,8.12,overall_traj,7.0,True
P16,t04,jump,8.19,endpoint_calm,7.0,True
P16,t04,jump,8.19,smoothness,7.0,True
P16,t04,jump,8.19,start_match,7.0,True
P16,t04,jump,8.19,overall_traj,7.0,True
P16,t23,rule,7.96,endpoint_calm,2.0,True
P16,t23,rule,7.96,smoothness,5.0,True
P16,t23,rule,7.96,start_match,3.0,True
P16,t23,rule,7.96,overall_traj,2.0,True
P16,t21,rule+BoN,5.52,endpoint_calm,2.0,True
P16,t21,rule+BoN,5.52,smoothness,3.0,True
P16,t21,rule+BoN,5.52,start_match,3.0,True
P16,t21,rule+BoN,5.52,overall_traj,4.0,True
P16,t18,rule+BoN,8.12,endpoint_calm,5.0,True
P16,t18,rule+BoN,8.12,smoothness,4.0,True
P16,t18,rule+BoN,8.12,start_match,2.0,True
P16,t18,rule+BoN,8.12,overall_traj,5.0,True
P16,t12,rule+BoN,6.18,endpoint_calm,5.0,True
P16,t12,rule+BoN,6.18,smoothness,3.0,True
P16,t12,rule+BoN,6.18,start_match,3.0,True
P16,t12,rule+BoN,6.18,overall_traj,5.0,True
P16,t02,rule,7.38,endpoint_calm,5.0,True
P16,t02,rule,7.38,smoothness,3.0,True
P16,t02,rule,7.38,start_match,3.0,True
P16,t02,rule,7.38,overall_traj,5.0,True
P17,t18,rule+BoN,8.12,endpoint_calm,3.0,True
P17,t18,rule+BoN,8.12,smoothness,2.0,True
P17,t18,rule+BoN,8.12,start_match,3.0,True
P17,t18,rule+BoN,8.12,overall_traj,3.0,True
P17,t20,rule,5.52,endpoint_calm,5.0,True
P17,t20,rule,5.52,smoothness,6.0,True
P17,t20,rule,5.52,start_match,4.0,True
P17,t20,rule,5.52,overall_traj,6.0,True
P17,t19,jump,5.52,endpoint_calm,6.0,True
P17,t19,jump,5.52,smoothness,6.0,True
P17,t19,jump,5.52,start_match,4.0,True
P17,t19,jump,5.52,overall_traj,7.0,True
P17,t08,rule,7.83,endpoint_calm,5.0,True
P17,t08,rule,7.83,smoothness,2.0,True
P17,t08,rule,7.83,start_match,5.0,True
P17,t08,rule,7.83,overall_traj,3.0,True
P17,t06,rule+BoN,8.19,endpoint_calm,6.0,True
P17,t06,rule+BoN,8.19,smoothness,3.0,True
P17,t06,rule+BoN,8.19,start_match,5.0,True
P17,t06,rule+BoN,8.19,overall_traj,2.0,True
P17,t23,rule,7.96,endpoint_calm,7.0,True
P17,t23,rule,7.96,smoothness,3.0,True
P17,t23,rule,7.96,start_match,6.0,True
P17,t23,rule,7.96,overall_traj,4.0,True
P17,t22,jump,7.96,endpoint_calm,7.0,True
P17,t22,jump,7.96,smoothness,6.0,True
P17,t22,jump,7.96,start_match,3.0,True
P17,t22,jump,7.96,overall_traj,6.0,True
P17,t24,rule+BoN,7.96,endpoint_calm,5.0,True
P17,t24,rule+BoN,7.96,smoothness,4.0,True
P17,t24,rule+BoN,7.96,start_match,6.0,True
P17,t24,rule+BoN,7.96,overall_traj,4.0,True
P17,t07,jump,7.83,endpoint_calm,5.0,True
P17,t07,jump,7.83,smoothness,6.0,True
P17,t07,jump,7.83,start_match,4.0,True
P17,t07,jump,7.83,overall_traj,7.0,True
P18,t22,jump,7.96,endpoint_calm,4.0,True
P18,t22,jump,7.96,smoothness,5.0,True
P18,t22,jump,7.96,start_match,6.0,True
P18,t22,jump,7.96,overall_traj,6.0,True
P18,t15,rule+BoN,6.4,endpoint_calm,3.0,True
P18,t15,rule+BoN,6.4,smoothness,5.0,True
P18,t15,rule+BoN,6.4,start_match,5.0,True
P18,t15,rule+BoN,6.4,overall_traj,6.0,True
P18,t21,rule+BoN,5.52,endpoint_calm,5.0,True
P18,t21,rule+BoN,5.52,smoothness,6.0,True
P18,t21,rule+BoN,5.52,start_match,7.0,True
P18,t21,rule+BoN,5.52,overall_traj,6.0,True
P18,t02,rule,7.38,endpoint_calm,6.0,True
P18,t02,rule,7.38,smoothness,4.0,True
P18,t02,rule,7.38,start_match,5.0,True
P18,t02,rule,7.38,overall_traj,5.0,True
P18,t17,rule,8.12,endpoint_calm,6.0,True
P18,t17,rule,8.12,smoothness,5.0,True
P18,t17,rule,8.12,start_match,5.0,True
P18,t17,rule,8.12,overall_traj,5.0,True
P18,t09,rule+BoN,7.83,endpoint_calm,6.0,True
P18,t09,rule+BoN,7.83,smoothness,6.0,True
P18,t09,rule+BoN,7.83,start_match,5.0,True
P18,t09,rule+BoN,7.83,overall_traj,5.0,True
P18,t13,jump,6.4,endpoint_calm,6.0,True
P18,t13,jump,6.4,smoothness,7.0,True
P18,t13,jump,6.4,start_match,7.0,True
P18,t13,jump,6.4,overall_traj,7.0,True
P18,t01,jump,7.38,endpoint_calm,6.0,True
P18,t01,jump,7.38,smoothness,7.0,True
P18,t01,jump,7.38,start_match,6.0,True
P18,t01,jump,7.38,overall_traj,6.0,True
P18,t23,rule,7.96,endpoint_calm,5.0,True
P18,t23,rule,7.96,smoothness,4.0,True
P18,t23,rule,7.96,start_match,5.0,True
P18,t23,rule,7.96,overall_traj,5.0,True
P19,t20,rule,5.52,endpoint_calm,7.0,True
P19,t20,rule,5.52,smoothness,4.0,True
P19,t20,rule,5.52,start_match,5.0,True
P19,t20,rule,5.52,overall_traj,5.0,True
P19,t08,rule,7.83,endpoint_calm,5.0,True
P19,t08,rule,7.83,smoothness,3.0,True
P19,t08,rule,7.83,start_match,3.0,True
P19,t08,rule,7.83,overall_traj,2.0,True
P19,t05,rule,8.19,endpoint_calm,7.0,True
P19,t05,rule,8.19,smoothness,2.0,True
P19,t05,rule,8.19,start_match,3.0,True
P19,t05,rule,8.19,overall_traj,5.0,True
P19,t24,rule+BoN,7.96,endpoint_calm,5.0,True
P19,t24,rule+BoN,7.96,smoothness,3.0,True
P19,t24,rule+BoN,7.96,start_match,3.0,True
P19,t24,rule+BoN,7.96,overall_traj,5.0,True
P19,t01,jump,7.38,endpoint_calm,6.0,True
P19,t01,jump,7.38,smoothness,6.0,True
P19,t01,jump,7.38,start_match,5.0,True
P19,t01,jump,7.38,overall_traj,6.0,True
P19,t03,rule+BoN,7.38,endpoint_calm,7.0,True
P19,t03,rule+BoN,7.38,smoothness,4.0,True
P19,t03,rule+BoN,7.38,start_match,4.0,True
P19,t03,rule+BoN,7.38,overall_traj,6.0,True
P19,t15,rule+BoN,6.4,endpoint_calm,6.0,True
P19,t15,rule+BoN,6.4,smoothness,5.0,True
P19,t15,rule+BoN,6.4,start_match,5.0,True
P19,t15,rule+BoN,6.4,overall_traj,6.0,True
P19,t16,jump,8.12,endpoint_calm,5.0,True
P19,t16,jump,8.12,smoothness,4.0,True
P19,t16,jump,8.12,start_match,4.0,True
P19,t16,jump,8.12,overall_traj,5.0,True
P19,t19,jump,5.52,endpoint_calm,6.0,True
P19,t19,jump,5.52,smoothness,6.0,True
P19,t19,jump,5.52,start_match,5.0,True
P19,t19,jump,5.52,overall_traj,5.0,True
P20,t08,rule,7.83,endpoint_calm,5.0,True
P20,t08,rule,7.83,smoothness,4.0,True
P20,t08,rule,7.83,start_match,5.0,True
P20,t08,rule,7.83,overall_traj,5.0,True
P20,t21,rule+BoN,5.52,endpoint_calm,6.0,True
P20,t21,rule+BoN,5.52,smoothness,6.0,True
P20,t21,rule+BoN,5.52,start_match,5.0,True
P20,t21,rule+BoN,5.52,overall_traj,6.0,True
P20,t04,jump,8.19,endpoint_calm,3.0,True
P20,t04,jump,8.19,smoothness,4.0,True
P20,t04,jump,8.19,start_match,4.0,True
P20,t04,jump,8.19,overall_traj,1.0,True
P20,t19,jump,5.52,endpoint_calm,7.0,True
P20,t19,jump,5.52,smoothness,1.0,True
P20,t19,jump,5.52,start_match,5.0,True
P20,t19,jump,5.52,overall_traj,6.0,True
P20,t23,rule,7.96,endpoint_calm,7.0,True
P20,t23,rule,7.96,smoothness,2.0,True
P20,t23,rule,7.96,start_match,7.0,True
P20,t23,rule,7.96,overall_traj,5.0,True
P20,t18,rule+BoN,8.12,endpoint_calm,3.0,True
P20,t18,rule+BoN,8.12,smoothness,3.0,True
P20,t18,rule+BoN,8.12,start_match,6.0,True
P20,t18,rule+BoN,8.12,overall_traj,4.0,True
P20,t15,rule+BoN,6.4,endpoint_calm,5.0,True
P20,t15,rule+BoN,6.4,smoothness,5.0,True
P20,t15,rule+BoN,6.4,start_match,5.0,True
P20,t15,rule+BoN,6.4,overall_traj,5.0,True
P20,t16,jump,8.12,endpoint_calm,2.0,True
P20,t16,jump,8.12,smoothness,6.0,True
P20,t16,jump,8.12,start_match,2.0,True
P20,t16,jump,8.12,overall_traj,4.0,True
P20,t11,rule,6.18,endpoint_calm,6.0,True
P20,t11,rule,6.18,smoothness,3.0,True
P20,t11,rule,6.18,start_match,7.0,True
P20,t11,rule,6.18,overall_traj,6.0,True
P21,t02,rule,7.38,endpoint_calm,2.0,True
P21,t02,rule,7.38,smoothness,2.0,True
P21,t02,rule,7.38,start_match,4.0,True
P21,t02,rule,7.38,overall_traj,3.0,True
P21,t22,jump,7.96,endpoint_calm,6.0,True
P21,t22,jump,7.96,smoothness,6.0,True
P21,t22,jump,7.96,start_match,2.0,True
P21,t22,jump,7.96,overall_traj,5.0,True
P21,t04,jump,8.19,endpoint_calm,6.0,True
P21,t04,jump,8.19,smoothness,6.0,True
P21,t04,jump,8.19,start_match,3.0,True
P21,t04,jump,8.19,overall_traj,6.0,True
P21,t05,rule,8.19,endpoint_calm,4.0,True
P21,t05,rule,8.19,smoothness,2.0,True
P21,t05,rule,8.19,start_match,5.0,True
P21,t05,rule,8.19,overall_traj,5.0,True
P21,t18,rule+BoN,8.12,endpoint_calm,4.0,True
P21,t18,rule+BoN,8.12,smoothness,2.0,True
P21,t18,rule+BoN,8.12,start_match,6.0,True
P21,t18,rule+BoN,8.12,overall_traj,5.0,True
P21,t13,jump,6.4,endpoint_calm,6.0,True
P21,t13,jump,6.4,smoothness,6.0,True
P21,t13,jump,6.4,start_match,4.0,True
P21,t13,jump,6.4,overall_traj,5.0,True
P21,t23,rule,7.96,endpoint_calm,5.0,True
P21,t23,rule,7.96,smoothness,1.0,True
P21,t23,rule,7.96,start_match,4.0,True
P21,t23,rule,7.96,overall_traj,5.0,True
P21,t15,rule+BoN,6.4,endpoint_calm,3.0,True
P21,t15,rule+BoN,6.4,smoothness,1.0,True
P21,t15,rule+BoN,6.4,start_match,3.0,True
P21,t15,rule+BoN,6.4,overall_traj,4.0,True
P21,t03,rule+BoN,7.38,endpoint_calm,6.0,True
P21,t03,rule+BoN,7.38,smoothness,4.0,True
P21,t03,rule+BoN,7.38,start_match,4.0,True
P21,t03,rule+BoN,7.38,overall_traj,5.0,True
P22,t23,rule,7.96,endpoint_calm,6.0,True
P22,t23,rule,7.96,smoothness,3.0,True
P22,t23,rule,7.96,start_match,7.0,True
P22,t23,rule,7.96,overall_traj,5.0,True
P22,t08,rule,7.83,endpoint_calm,5.0,True
P22,t08,rule,7.83,smoothness,2.0,True
P22,t08,rule,7.83,start_match,7.0,True
P22,t08,rule,7.83,overall_traj,4.0,True
P22,t12,rule+BoN,6.18,endpoint_calm,6.0,True
P22,t12,rule+BoN,6.18,smoothness,3.0,True
P22,t12,rule+BoN,6.18,start_match,6.0,True
P22,t12,rule+BoN,6.18,overall_traj,6.0,True
P22,t15,rule+BoN,6.4,endpoint_calm,5.0,True
P22,t15,rule+BoN,6.4,smoothness,3.0,True
P22,t15,rule+BoN,6.4,start_match,6.0,True
P22,t15,rule+BoN,6.4,overall_traj,6.0,True
P22,t07,jump,7.83,endpoint_calm,6.0,True
P22,t07,jump,7.83,smoothness,7.0,True
P22,t07,jump,7.83,start_match,2.0,True
P22,t07,jump,7.83,overall_traj,5.0,True
P22,t14,rule,6.4,endpoint_calm,6.0,True
P22,t14,rule,6.4,smoothness,2.0,True
P22,t14,rule,6.4,start_match,6.0,True
P22,t14,rule,6.4,overall_traj,5.0,True
P22,t22,jump,7.96,endpoint_calm,7.0,True
P22,t22,jump,7.96,smoothness,7.0,True
P22,t22,jump,7.96,start_match,1.0,True
P22,t22,jump,7.96,overall_traj,5.0,True
P22,t13,jump,6.4,endpoint_calm,6.0,True
P22,t13,jump,6.4,smoothness,6.0,True
P22,t13,jump,6.4,start_match,3.0,True
P22,t13,jump,6.4,overall_traj,5.0,True
P22,t24,rule+BoN,7.96,endpoint_calm,3.0,True
P22,t24,rule+BoN,7.96,smoothness,3.0,True
P22,t24,rule+BoN,7.96,start_match,6.0,True
P22,t24,rule+BoN,7.96,overall_traj,5.0,True
P23,t22,jump,7.96,endpoint_calm,7.0,True
P23,t22,jump,7.96,smoothness,6.0,True
P23,t22,jump,7.96,start_match,6.0,True
P23,t22,jump,7.96,overall_traj,7.0,True
P23,t02,rule,7.38,endpoint_calm,1.0,True
P23,t02,rule,7.38,smoothness,3.0,True
P23,t02,rule,7.38,start_match,1.0,True
P23,t02,rule,7.38,overall_traj,7.0,True
P23,t09,rule+BoN,7.83,endpoint_calm,2.0,True
P23,t09,rule+BoN,7.83,smoothness,4.0,True
P23,t09,rule+BoN,7.83,start_match,1.0,True
P23,t09,rule+BoN,7.83,overall_traj,7.0,True
P23,t07,jump,7.83,endpoint_calm,7.0,True
P23,t07,jump,7.83,smoothness,1.0,True
P23,t07,jump,7.83,start_match,7.0,True
P23,t07,jump,7.83,overall_traj,6.0,True
P23,t14,rule,6.4,endpoint_calm,5.0,True
P23,t14,rule,6.4,smoothness,4.0,True
P23,t14,rule,6.4,start_match,1.0,True
P23,t14,rule,6.4,overall_traj,7.0,True
P23,t17,rule,8.12,endpoint_calm,4.0,True
P23,t17,rule,8.12,smoothness,4.0,True
P23,t17,rule,8.12,start_match,1.0,True
P23,t17,rule,8.12,overall_traj,7.0,True
P23,t12,rule+BoN,6.18,endpoint_calm,6.0,True
P23,t12,rule+BoN,6.18,smoothness,3.0,True
P23,t12,rule+BoN,6.18,start_match,1.0,True
P23,t12,rule+BoN,6.18,overall_traj,6.0,True
P23,t18,rule+BoN,8.12,endpoint_calm,7.0,True
P23,t18,rule+BoN,8.12,smoothness,6.0,True
P23,t18,rule+BoN,8.12,start_match,1.0,True
P23,t18,rule+BoN,8.12,overall_traj,7.0,True
P23,t04,jump,8.19,endpoint_calm,7.0,True
P23,t04,jump,8.19,smoothness,7.0,True
P23,t04,jump,8.19,start_match,7.0,True
P23,t04,jump,8.19,overall_traj,7.0,True
P24,t14,rule,6.4,endpoint_calm,5.0,True
P24,t14,rule,6.4,smoothness,3.0,True
P24,t14,rule,6.4,start_match,4.0,True
P24,t14,rule,6.4,overall_traj,6.0,True
P24,t17,rule,8.12,endpoint_calm,5.0,True
P24,t17,rule,8.12,smoothness,4.0,True
P24,t17,rule,8.12,start_match,5.0,True
P24,t17,rule,8.12,overall_traj,6.0,True
P24,t24,rule+BoN,7.96,endpoint_calm,7.0,True
P24,t24,rule+BoN,7.96,smoothness,5.0,True
P24,t24,rule+BoN,7.96,start_match,5.0,True
P24,t24,rule+BoN,7.96,overall_traj,6.0,True
P24,t22,jump,7.96,endpoint_calm,7.0,True
P24,t22,jump,7.96,smoothness,6.0,True
P24,t22,jump,7.96,start_match,7.0,True
P24,t22,jump,7.96,overall_traj,7.0,True
P24,t18,rule+BoN,8.12,endpoint_calm,6.0,True
P24,t18,rule+BoN,8.12,smoothness,4.0,True
P24,t18,rule+BoN,8.12,start_match,4.0,True
P24,t18,rule+BoN,8.12,overall_traj,5.0,True
P24,t04,jump,8.19,endpoint_calm,7.0,True
P24,t04,jump,8.19,smoothness,7.0,True
P24,t04,jump,8.19,start_match,6.0,True
P24,t04,jump,8.19,overall_traj,5.0,True
P24,t03,rule+BoN,7.38,endpoint_calm,6.0,True
P24,t03,rule+BoN,7.38,smoothness,5.0,True
P24,t03,rule+BoN,7.38,start_match,5.0,True
P24,t03,rule+BoN,7.38,overall_traj,4.0,True
P24,t05,rule,8.19,endpoint_calm,7.0,True
P24,t05,rule,8.19,smoothness,6.0,True
P24,t05,rule,8.19,start_match,5.0,True
P24,t05,rule,8.19,overall_traj,5.0,True
P24,t13,jump,6.4,endpoint_calm,7.0,True
P24,t13,jump,6.4,smoothness,6.0,True
P24,t13,jump,6.4,start_match,7.0,True
P24,t13,jump,6.4,overall_traj,5.0,True
