item,planner,s0,schedule,proxy_trajectory,track_rmse,start_err,max_step,endpoint_err,n_raters,mean_endpoint_calm,mean_smoothness,mean_start_match,mean_overall_traj
t01,jump,7.38,"[7.38, 6.739, 5.19, 3.641, 3.0]","[3.744, 3.629, 3.867, 3.673, 3.171]",2.221208053499695,3.63617626303698,0.5020322309093825,0.17112258979160444,8,5.625,6.125,3.25,5.75
t02,rule,7.38,"[7.38, 6.739, 5.19, 3.641, 3.0]","[5.014, 4.963, 3.904, 3.782, 3.623]",1.470764288506015,2.366172728860633,1.0592170361815079,0.6233308421376726,10,4.1,2.7,4.2,4.7
t03,rule+BoN,7.38,"[7.38, 6.739, 5.19, 3.641, 3.0]","[5.283, 5.128, 4.938, 3.948, 3.613]",1.2269712490807592,2.097305331311275,0.9898777835025991,0.6134484857839664,8,5.0,3.75,4.625,4.75
t04,jump,8.19,"[8.19, 7.43, 5.595, 3.76, 3.0]","[3.715, 3.613, 3.756, 3.536, 3.266]",2.7601712945194437,4.475030103136741,0.2695985959170306,0.2663154745298879,13,5.461538461538462,6.0,4.923076923076923,5.230769230769231
t05,rule,8.19,"[8.19, 7.43, 5.595, 3.76, 3.0]","[5.083, 5.039, 4.932, 3.706, 3.798]",1.8136016342607135,3.1065466061758453,1.2264493116911863,0.7976066734530058,8,5.25,3.125,5.25,4.0
t06,rule+BoN,8.19,"[8.19, 7.43, 5.595, 3.76, 3.0]","[4.971, 5.185, 5.27, 3.425, 3.312]",1.7728863211828245,3.2185443552293957,1.8446384487211875,0.3115639176917355,6,3.3333333333333335,3.1666666666666665,5.5,3.5
t07,jump,7.83,"[7.83, 7.123, 5.415, 3.707, 3.0]","[3.845, 3.43, 3.88, 3.872, 3.316]",2.529799703361862,3.9852129555545863,0.5560127871426181,0.31646962383906496,11,5.545454545454546,5.636363636363637,3.727272727272727,5.7272727272727275
t08,rule,7.83,"[7.83, 7.123, 5.415, 3.707, 3.0]","[4.868, 4.91, 5.078, 3.797, 3.494]",1.6755311604640712,2.9621835434075745,1.280246194674088,0.49354409193217963,11,4.909090909090909,3.4545454545454546,4.909090909090909,3.909090909090909
t09,rule+BoN,7.83,"[7.83, 7.123, 5.415, 3.707, 3.0]","[4.941, 4.646, 4.859, 3.693, 3.471]",1.7326255555863541,2.8886164908219065,1.1658866183873724,0.47083273137226334,9,3.7777777777777777,3.111111111111111,4.125,3.3333333333333335
t10,jump,6.18,"[6.18, 5.714, 4.59, 3.466, 3.0]","[3.707, 3.532, 3.981, 3.855, 3.401]",1.5207308893445872,2.4729129083505788,0.45316995520124914,0.4013804018789471,9,4.666666666666667,6.333333333333333,3.888888888888889,5.444444444444445
t11,rule,6.18,"[6.18, 5.714, 4.59, 3.466, 3.0]","[5.056, 5.472, 3.961, 3.898, 3.486]",0.6545989341933801,1.1244374989472803,1.5109515608755903,0.48632102949355493,7,5.571428571428571,3.142857142857143,5.0,4.142857142857143
t12,rule+BoN,6.18,"[6.18, 5.714, 4.59, 3.466, 3.0]","[4.99, 5.403, 4.156, 3.701, 3.606]",0.6518284573945875,1.190450849340074,1.2468824128964417,0.605743157373178,13,4.923076923076923,3.076923076923077,4.846153846153846,4.0
t13,jump,6.4,"[6.4, 5.902, 4.7, 3.498, 3.0]","[3.891, 3.638, 3.809, 3.63, 3.19]",1.566419715367116,2.509366711352214,0.44030954155269963,0.1899943675389646,10,6.2,6.2,4.6,6.0
t14,rule,6.4,"[6.4, 5.902, 4.7, 3.498, 3.0]","[4.983, 5.316, 4.221, 3.865, 3.467]",0.7659090388899409,1.4166688043504028,1.094919982493768,0.4673644031650377,8,3.5,3.0,4.714285714285714,5.125
t15,rule+BoN,6.4,"[6.4, 5.902, 4.7, 3.498, 3.0]","[5.426, 5.493, 4.349, 3.986, 3.377]",0.568908710320819,0.9735267263082772,1.1435554826463514,0.3769837930593072,8,4.75,4.125,4.75,5.125
t16,jump,8.12,"[8.12, 7.37, 5.56, 3.75, 3.0]","[3.897, 3.809, 3.859, 3.913, 3.398]",2.592204855861951,4.223472173841326,0.515752091283836,0.3975485257042579,5,5.0,6.0,4.2,5.8
t17,rule,8.12,"[8.12, 7.37, 5.56, 3.75, 3.0]","[5.074, 4.946, 4.752, 3.535, 3.481]",1.793398368229279,3.0456801132541917,1.2169384700411645,0.48109942511698334,6,4.166666666666667,3.3333333333333335,4.333333333333333,4.833333333333333
t18,rule+BoN,8.12,"[8.12, 7.37, 5.56, 3.75, 3.0]","[5.18, 5.168, 4.995, 3.583, 3.565]",1.682797777748903,2.939865341864051,1.4128238428133995,0.56470781071907,11,4.363636363636363,3.3636363636363638,4.909090909090909,4.7272727272727275
t19,jump,5.52,"[5.52, 5.151, 4.26, 3.369, 3.0]","[4.036, 3.569, 3.59, 3.605, 3.713]",1.0693651688622205,1.4837108670266437,0.46737983102352754,0.7131562385092787,5,6.0,5.0,5.2,5.6
t20,rule,5.52,"[5.52, 5.151, 4.26, 3.369, 3.0]","[5.387, 4.594, 3.988, 3.871, 3.285]",0.3835495586657024,0.13337783941730041,0.7927796317561402,0.28525809212494213,7,5.714285714285714,4.285714285714286,5.142857142857143,4.714285714285714
t21,rule+BoN,5.52,"[5.52, 5.151, 4.26, 3.369, 3.0]","[5.387, 4.564, 4.14, 3.906, 3.285]",0.38635409722647834,0.13337783941730041,0.8226300721995123,0.28525809212494213,9,4.222222222222222,4.333333333333333,4.111111111111111,5.333333333333333
t22,jump,7.96,"[7.96, 7.234, 5.48, 3.726, 3.0]","[3.666, 3.717, 3.826, 3.755, 3.676]",2.6076396387620173,4.294083888541335,0.10815981512427486,0.6764582288453833,11,6.090909090909091,5.818181818181818,3.4545454545454546,5.2727272727272725
t23,rule,7.96,"[7.96, 7.234, 5.48, 3.726, 3.0]","[5.087, 4.852, 4.948, 3.697, 3.521]",1.701933305126101,2.872787579009392,1.2505391998598343,0.5214641813378456,14,4.928571428571429,3.2857142857142856,5.384615384615385,4.285714285714286
t24,rule+BoN,7.96,"[7.96, 7.234, 5.48, 3.726, 3.0]","[5.134, 4.89, 5.034, 3.723, 3.059]",1.6542843689795685,2.8263865235776953,1.311185135707373,0.05855338833261481,8,4.625,3.875,5.0,5.375
