participant,item,domain,arousal_1to9
P01,c08,synthesiser,8
P01,c03,synthesiser,3
P01,c10,synthesiser,8
P01,c11,synthesiser,9
P01,c05,synthesiser,3
P01,c02,synthesiser,7
P01,d01,DEAM,8
P01,g04,stable-audio-3,2
P01,d04,DEAM,6
P01,g03,stable-audio-3,5
P01,g06,stable-audio-3,4
P01,d02,DEAM,6
P01,g08,stable-audio-3,7
P01,c04,synthesiser,3
P01,d05,DEAM,9
P01,c09,synthesiser,9
P02,c10,synthesiser,7
P02,c06,synthesiser,3
P02,c11,synthesiser,8
P02,c08,synthesiser,5
P02,d08,DEAM,8
P02,g05,stable-audio-3,2
P02,g12,stable-audio-3,8
P02,d03,DEAM,5
P02,d02,DEAM,3
P02,g02,stable-audio-3,2
P02,c01,synthesiser,3
P02,g07,stable-audio-3,5
P02,c07,synthesiser,4
P02,d05,DEAM,7
P02,c04,synthesiser,1
P02,c05,synthesiser,2
P03,c04,synthesiser,4
P03,c06,synthesiser,6
P03,c05,synthesiser,6
P03,c08,synthesiser,8
P03,c03,synthesiser,1
P03,d01,DEAM,8
P03,c10,synthesiser,9
P03,c12,synthesiser,9
P03,c01,synthesiser,2
P03,g12,stable-audio-3,8
P03,d04,DEAM,6
P03,d06,DEAM,7
P03,g04,stable-audio-3,2
P03,g05,stable-audio-3,1
P03,d05,DEAM,9
P03,g03,stable-audio-3,2
P04,c11,synthesiser,7
P04,c12,synthesiser,6
P04,c04,synthesiser,2
P04,c07,synthesiser,2
P04,g08,stable-audio-3,1
P04,g02,stable-audio-3,1
P04,c08,synthesiser,7
P04,d04,DEAM,4
P04,d06,DEAM,6
P04,c02,synthesiser,1
P04,d03,DEAM,4
P04,c05,synthesiser,2
P04,g01,stable-audio-3,2
P04,d05,DEAM,8
P04,c01,synthesiser,1
P04,g04,stable-audio-3,1
P05,c03,synthesiser,2
P05,c01,synthesiser,1
P05,c08,synthesiser,7
P05,c11,synthesiser,7
P05,d03,DEAM,5
P05,d01,DEAM,6
P05,c02,synthesiser,3
P05,g09,stable-audio-3,5
P05,g02,stable-audio-3,5
P05,d04,DEAM,6
P05,c06,synthesiser,6
P05,g05,stable-audio-3,2
P05,g01,stable-audio-3,4
P05,c12,synthesiser,8
P05,d05,DEAM,9
P05,c05,synthesiser,4
P06,c04,synthesiser,6
P06,c05,synthesiser,7
P06,c08,synthesiser,8
P06,c07,synthesiser,6
P06,c12,synthesiser,9
P06,g04,stable-audio-3,1
P06,g03,stable-audio-3,3
P06,c01,synthesiser,4
P06,g06,stable-audio-3,2
P06,d07,DEAM,8
P06,c03,synthesiser,3
P06,d08,DEAM,9
P06,g10,stable-audio-3,6
P06,d02,DEAM,5
P06,d04,DEAM,7
P06,c02,synthesiser,3
P07,c02,synthesiser,1
P07,c05,synthesiser,3
P07,c07,synthesiser,6
P07,c08,synthesiser,5
P07,d07,DEAM,7
P07,g02,stable-audio-3,1
P07,d05,DEAM,8
P07,g12,stable-audio-3,7
P07,d03,DEAM,6
P07,d02,DEAM,4
P07,c01,synthesiser,1
P07,c06,synthesiser,4
P07,g11,stable-audio-3,6
P07,g08,stable-audio-3,3
P07,c04,synthesiser,2
P07,c12,synthesiser,7
P08,c01,synthesiser,1
P08,c12,synthesiser,8
P08,c10,synthesiser,8
P08,c09,synthesiser,7
P08,g01,stable-audio-3,2
P08,d01,DEAM,9
P08,c04,synthesiser,2
P08,c02,synthesiser,2
P08,g05,stable-audio-3,1
P08,c08,synthesiser,6
P08,g02,stable-audio-3,2
P08,c11,synthesiser,8
P08,g06,stable-audio-3,3
P08,d07,DEAM,5
P08,d05,DEAM,8
P08,d02,DEAM,3
P09,c03,synthesiser,4
P09,c10,synthesiser,9
P09,c08,synthesiser,7
P09,c12,synthesiser,9
P09,g02,stable-audio-3,1
P09,c02,synthesiser,5
P09,d06,DEAM,9
P09,c05,synthesiser,4
P09,c09,synthesiser,8
P09,d07,DEAM,9
P09,d05,DEAM,9
P09,g03,stable-audio-3,4
P09,g01,stable-audio-3,3
P09,c06,synthesiser,5
P09,d01,DEAM,5
P09,g11,stable-audio-3,7
P10,c12,synthesiser,9
P10,c07,synthesiser,4
P10,c10,synthesiser,9
P10,c11,synthesiser,9
P10,g12,stable-audio-3,7
P10,d03,DEAM,3
P10,c09,synthesiser,9
P10,c01,synthesiser,1
P10,d08,DEAM,8
P10,c06,synthesiser,2
P10,d04,DEAM,5
P10,g09,stable-audio-3,2
P10,g04,stable-audio-3,2
P10,d01,DEAM,3
P10,c03,synthesiser,1
P10,g08,stable-audio-3,4
P11,c02,synthesiser,6
P11,c12,synthesiser,9
P11,c01,synthesiser,3
P11,c07,synthesiser,6
P11,c04,synthesiser,5
P11,d05,DEAM,9
P11,g04,stable-audio-3,2
P11,g09,stable-audio-3,2
P11,d06,DEAM,7
P11,c08,synthesiser,9
P11,d01,DEAM,3
P11,g05,stable-audio-3,1
P11,d04,DEAM,6
P11,c03,synthesiser,4
P11,g03,stable-audio-3,3
P11,c11,synthesiser,9
P12,c04,synthesiser,3
P12,c08,synthesiser,6
P12,c11,synthesiser,8
P12,c02,synthesiser,1
P12,c09,synthesiser,6
P12,d04,DEAM,7
P12,d02,DEAM,4
P12,d08,DEAM,8
P12,c06,synthesiser,2
P12,g08,stable-audio-3,1
P12,g10,stable-audio-3,3
P12,d07,DEAM,8
P12,g12,stable-audio-3,9
P12,c01,synthesiser,1
P12,g09,stable-audio-3,2
P12,c07,synthesiser,4
P13,c12,synthesiser,9
P13,c01,synthesiser,2
P13,c09,synthesiser,8
P13,c02,synthesiser,5
P13,g03,stable-audio-3,4
P13,d01,DEAM,6
P13,d08,DEAM,9
P13,c04,synthesiser,2
P13,d06,DEAM,8
P13,d02,DEAM,4
P13,c06,synthesiser,3
P13,c03,synthesiser,2
P13,c10,synthesiser,9
P13,g07,stable-audio-3,5
P13,g08,stable-audio-3,3
P13,g01,stable-audio-3,3
P14,c09,synthesiser,9
P14,c08,synthesiser,9
P14,c10,synthesiser,9
P14,c07,synthesiser,2
P14,g01,stable-audio-3,2
P14,d05,DEAM,7
P14,c05,synthesiser,3
P14,c02,synthesiser,2
P14,g09,stable-audio-3,3
P14,d06,DEAM,8
P14,c06,synthesiser,4
P14,c12,synthesiser,9
P14,g08,stable-audio-3,4
P14,d07,DEAM,7
P14,d01,DEAM,6
P14,g12,stable-audio-3,8
P15,c04,synthesiser,3
P15,c11,synthesiser,9
P15,c01,synthesiser,1
P15,c09,synthesiser,7
P15,c08,synthesiser,6
P15,d07,DEAM,7
P15,d06,DEAM,7
P15,d04,DEAM,3
P15,d01,DEAM,5
P15,c07,synthesiser,6
P15,c02,synthesiser,2
P15,g02,stable-audio-3,1
P15,g07,stable-audio-3,2
P15,g06,stable-audio-3,2
P15,c10,synthesiser,9
P15,g09,stable-audio-3,7
P16,c02,synthesiser,3
P16,c06,synthesiser,7
P16,c08,synthesiser,9
P16,c12,synthesiser,9
P16,c11,synthesiser,9
P16,c09,synthesiser,8
P16,c01,synthesiser,1
P16,d02,DEAM,1
P16,g10,stable-audio-3,6
P16,c05,synthesiser,5
P16,g12,stable-audio-3,9
P16,g02,stable-audio-3,1
P16,d01,DEAM,8
P16,d03,DEAM,9
P16,g11,stable-audio-3,8
P16,d04,DEAM,9
P17,c05,synthesiser,2
P17,c09,synthesiser,6
P17,c12,synthesiser,7
P17,c08,synthesiser,5
P17,d02,DEAM,4
P17,g10,stable-audio-3,4
P17,g06,stable-audio-3,3
P17,c06,synthesiser,4
P17,d03,DEAM,5
P17,d07,DEAM,6
P17,g09,stable-audio-3,2
P17,c03,synthesiser,3
P17,d04,DEAM,5
P17,c07,synthesiser,4
P17,g05,stable-audio-3,1
P17,c10,synthesiser,7
P18,c12,synthesiser,7
P18,c02,synthesiser,4
P18,c03,synthesiser,2
P18,c08,synthesiser,6
P18,c01,synthesiser,2
P18,g09,stable-audio-3,7
P18,d08,DEAM,6
P18,d06,DEAM,5
P18,c04,synthesiser,2
P18,g11,stable-audio-3,6
P18,g12,stable-audio-3,7
P18,c09,synthesiser,5
P18,c10,synthesiser,6
P18,g06,stable-audio-3,3
P18,d04,DEAM,5
P18,d03,DEAM,8
P19,c04,synthesiser,6
P19,c01,synthesiser,3
P19,c06,synthesiser,2
P19,c03,synthesiser,6
P19,d02,DEAM,5
P19,g04,stable-audio-3,1
P19,c02,synthesiser,7
P19,g02,stable-audio-3,2
P19,g12,stable-audio-3,9
P19,d06,DEAM,7
P19,d07,DEAM,8
P19,c07,synthesiser,3
P19,g11,stable-audio-3,9
P19,c12,synthesiser,8
P19,d01,DEAM,9
P19,c09,synthesiser,8
P20,c11,synthesiser,8
P20,c02,synthesiser,2
P20,c03,synthesiser,2
P20,c04,synthesiser,3
P20,d08,DEAM,8
P20,g10,stable-audio-3,3
P20,d03,DEAM,8
P20,g08,stable-audio-3,2
P20,g02,stable-audio-3,1
P20,c05,synthesiser,3
P20,d05,DEAM,9
P20,c08,synthesiser,5
P20,c01,synthesiser,1
P20,d06,DEAM,7
P20,g04,stable-audio-3,1
P20,c06,synthesiser,5
P21,c04,synthesiser,3
P21,c08,synthesiser,7
P21,c02,synthesiser,5
P21,c12,synthesiser,8
P21,c09,synthesiser,8
P21,d06,DEAM,8
P21,c10,synthesiser,7
P21,d03,DEAM,5
P21,c05,synthesiser,2
P21,d08,DEAM,6
P21,g12,stable-audio-3,7
P21,g02,stable-audio-3,2
P21,g04,stable-audio-3,2
P21,d05,DEAM,7
P21,g09,stable-audio-3,4
P21,c07,synthesiser,3
P22,c08,synthesiser,6
P22,c11,synthesiser,7
P22,c09,synthesiser,7
P22,c12,synthesiser,7
P22,g02,stable-audio-3,2
P22,c05,synthesiser,3
P22,g05,stable-audio-3,2
P22,g12,stable-audio-3,7
P22,c03,synthesiser,2
P22,d08,DEAM,6
P22,d01,DEAM,3
P22,c04,synthesiser,3
P22,d07,DEAM,6
P22,d02,DEAM,2
P22,g06,stable-audio-3,2
P22,c01,synthesiser,1
P23,c01,synthesiser,2
P23,c09,synthesiser,9
P23,c05,synthesiser,4
P23,c12,synthesiser,9
P23,d01,DEAM,7
P23,d07,DEAM,9
P23,d02,DEAM,3
P23,c08,synthesiser,6
P23,g05,stable-audio-3,1
P23,d03,DEAM,7
P23,c02,synthesiser,1
P23,c07,synthesiser,2
P23,c11,synthesiser,8
P23,g07,stable-audio-3,1
P23,g12,stable-audio-3,9
P23,g02,stable-audio-3,1
P24,c08,synthesiser,8
P24,c11,synthesiser,7
P24,c09,synthesiser,5
P24,c01,synthesiser,2
P24,c12,synthesiser,8
P24,g05,stable-audio-3,2
P24,c03,synthesiser,3
P24,g08,stable-audio-3,1
P24,c06,synthesiser,3
P24,d06,DEAM,7
P24,g09,stable-audio-3,2
P24,c10,synthesiser,8
P24,d08,DEAM,7
P24,d03,DEAM,3
P24,d04,DEAM,2
P24,g03,stable-audio-3,1
